location,day_shift,week_day,local_bright,local_noise,battery_level,battery_charging,power_saving,playback,headset,bluetooth,network,screen,orientation,app,volume,bright,ring_mode
P3,9,1,4,0,5,0,0,1,1,1,1,1,1,2,10,38,0
P3,9,1,7,6,5,0,0,1,1,1,1,0,1,2,10,38,0
P3,9,1,0,14,5,0,0,1,1,1,1,0,1,2,10,38,0
P3,9,1,0,12,5,0,0,0,1,1,1,0,1,2,10,38,0
P3,9,1,0,32,5,0,0,0,1,1,1,0,1,2,10,38,0
P3,9,1,0,35,5,0,0,1,1,1,1,0,1,2,10,38,0
P3,9,1,0,31,5,0,0,1,1,1,1,0,1,2,10,38,0
P3,9,1,0,3,5,0,0,1,1,1,1,0,1,2,10,38,0
P3,9,1,0,86,5,0,0,1,1,1,1,0,1,2,10,38,0
P3,9,1,0,1,5,0,0,1,1,1,1,0,1,2,10,38,0
P3,9,1,0,13,5,0,0,1,1,1,1,0,1,2,10,38,0
P3,9,1,0,31,5,0,0,1,1,1,1,0,1,2,10,38,0
P3,9,1,0,5,5,0,0,1,1,1,1,1,1,1,10,38,0
P3,9,1,22,18,5,0,0,1,1,1,1,0,1,1,13,38,0
P3,9,1,0,244,5,0,0,1,1,1,1,0,1,1,13,38,0
P3,9,1,0,111,5,0,0,1,1,1,1,0,1,1,13,38,0
P3,9,1,0,3,5,0,0,1,1,1,1,0,1,1,13,38,0
P3,9,1,0,42,5,0,0,1,1,1,1,0,1,1,13,38,0
P3,9,1,0,111,5,0,0,1,1,1,1,0,1,1,13,38,0
P3,9,1,0,0,5,0,0,1,1,1,1,0,1,1,13,38,0
P3,9,1,0,45,5,0,0,1,1,1,1,0,1,1,13,38,0
P3,9,1,0,6,5,0,0,1,1,1,1,0,1,1,13,38,0
P3,9,1,0,10,5,0,0,1,1,1,1,0,1,1,13,38,0
P3,9,1,0,1,5,0,0,1,1,1,1,0,1,1,13,38,0
P3,9,1,0,20,5,0,0,1,1,1,1,0,1,1,13,38,0
P3,9,1,0,1,5,0,0,1,1,1,1,0,1,1,13,38,0
D7,9,1,0,9,5,0,0,1,1,1,1,0,1,1,13,38,0
D7,9,1,0,36,5,0,0,1,1,1,1,0,1,1,13,38,0
D7,9,1,0,22,5,0,0,1,1,1,1,0,1,1,13,38,0
D7,9,1,0,31,5,0,0,1,1,1,1,0,1,1,13,38,0
D7,9,1,0,12,5,0,0,1,1,1,1,0,1,1,13,38,0
D7,9,1,0,35,5,0,0,1,1,1,1,0,1,1,13,38,0
D7,9,1,0,58,5,0,0,1,1,1,1,0,1,1,13,38,0
D7,9,1,0,5,5,0,0,1,1,1,1,0,1,1,13,38,0
D7,9,1,0,159,5,0,0,1,1,1,1,0,1,1,13,38,0
D7,9,1,0,0,5,0,0,1,1,1,1,0,1,1,13,38,0
D7,9,1,0,9,5,0,0,1,1,1,1,0,1,1,13,38,0
D7,9,1,0,79,5,0,0,1,1,1,1,0,1,1,13,38,0
D8,9,1,0,62,5,0,0,1,1,1,1,0,1,1,13,38,0
D8,9,1,0,149,5,0,0,1,1,1,1,0,1,1,13,38,0
D8,9,1,0,0,5,0,0,1,1,1,1,0,1,1,13,38,0
D8,9,1,0,29,5,0,0,1,1,1,1,0,1,1,13,38,0
D8,9,1,0,17,5,0,0,1,1,1,1,0,1,1,13,38,0
D8,9,1,0,62,5,0,0,1,1,1,1,0,1,1,13,38,0
D8,9,1,0,1,5,0,0,1,1,1,1,0,1,1,13,38,0
D8,9,1,0,11,5,0,0,1,1,1,1,0,1,1,13,38,0
D8,9,1,0,6,5,0,0,1,1,1,1,0,1,1,13,38,0
D8,9,1,0,3,5,0,0,1,1,1,1,0,1,1,13,38,0
D8,9,1,0,10,5,0,0,1,1,1,1,0,1,1,13,38,0
D9,9,1,0,10,5,0,0,1,1,1,1,0,1,1,13,38,0
D9,9,1,0,0,5,0,0,1,1,1,1,0,1,1,13,38,0
D9,9,1,0,6,5,0,0,1,1,1,1,0,1,1,13,38,0
D9,9,1,0,27,5,0,0,1,1,1,1,0,1,1,13,38,0
D9,9,1,0,37,5,0,0,1,1,1,1,0,1,1,13,38,0
D9,9,1,0,17,5,0,0,1,1,1,1,0,1,1,13,38,0
D9,9,1,0,58,5,0,0,1,1,1,1,0,1,1,13,38,0
D9,9,1,0,4,5,0,0,1,1,1,1,0,1,1,13,38,0
D10,9,1,0,6,5,0,0,1,1,1,1,0,1,1,13,38,0
D10,9,1,0,18,5,0,0,1,1,1,1,0,1,1,13,38,0
D10,9,1,0,0,5,0,0,1,1,1,1,0,1,1,13,38,0
D10,9,1,0,11,5,0,0,1,1,1,1,0,1,1,13,38,0
D10,9,1,0,171,5,0,0,1,1,1,1,0,1,1,13,38,0
D10,9,1,0,51,5,0,0,1,1,1,1,0,1,1,13,38,0
D10,9,1,0,66,5,0,0,1,1,1,1,0,1,1,13,38,0
D10,9,1,0,106,5,0,0,1,1,1,1,0,1,1,13,38,0
D10,9,1,0,28,5,0,0,1,1,1,1,0,1,1,13,38,0
D10,9,1,0,30,5,0,0,1,1,1,1,0,1,1,13,38,0
D10,9,1,0,7,5,0,0,1,1,1,1,0,1,1,13,38,0
D10,9,1,0,61,5,0,0,0,1,1,1,0,1,1,13,38,0
P5,9,1,0,0,5,0,0,0,1,1,1,1,1,1,13,38,0
P5,9,1,3,25,5,0,0,0,1,1,1,1,1,8,13,38,0
D10,9,1,2,2,5,0,0,0,1,1,1,1,1,8,13,38,0
P5,9,1,1,29,5,0,0,0,1,1,1,0,1,8,13,38,0
P5,9,1,0,32,5,0,0,0,1,1,1,1,1,8,13,38,0
P5,9,1,3,43,5,0,0,0,1,1,1,1,1,8,13,38,0
P5,9,1,1,27,5,0,0,0,1,1,1,1,1,1,13,38,0
D10,9,1,1,40,5,0,0,1,1,1,1,1,1,8,15,38,0
D10,9,1,1,12,5,0,0,0,1,1,1,1,1,8,15,38,0
D10,9,1,1,2,5,0,0,0,1,1,1,1,1,1,15,38,0
D11,9,1,1,11,5,0,0,0,1,1,1,1,1,1,15,38,0
P5,9,1,2,30,5,0,0,0,1,1,1,1,1,1,15,38,0
P5,9,1,1,36,5,0,0,0,1,1,1,1,1,1,15,38,0
D11,9,1,0,16,5,0,0,0,1,1,1,1,1,1,15,38,0
P5,9,1,0,6,5,0,0,0,1,1,1,1,1,1,15,38,0
D11,9,1,0,10,5,0,0,1,1,1,1,1,1,1,11,38,0
P5,9,1,1,8,5,0,0,1,1,1,1,1,1,1,11,38,0
P5,9,1,1,8,5,0,0,1,1,1,1,1,1,1,15,38,0
P5,9,1,2,6,5,0,0,1,1,1,1,1,1,1,15,38,0
P5,9,1,1,0,5,0,0,1,1,1,1,1,1,1,15,38,0
P5,9,1,1,0,5,0,0,1,1,1,1,1,1,1,15,38,0
P5,9,1,9,1,5,0,0,1,1,1,1,1,1,8,15,38,0
P5,9,1,1,2,5,0,0,1,1,1,1,1,1,8,15,38,0
P5,9,1,2,7,5,0,0,1,1,1,1,1,1,8,15,38,0
P5,9,1,0,1,5,0,0,1,1,1,1,1,1,8,15,38,0
P5,9,1,2,9,5,0,0,1,1,1,1,1,1,30,15,38,0
P5,9,1,0,71,5,0,0,1,1,1,1,0,1,30,15,38,0
P5,9,1,0,58,5,0,0,1,1,1,1,0,1,30,15,38,0
P5,9,1,0,1,5,0,0,1,1,1,1,0,1,30,15,38,0
P5,9,1,0,1,5,0,0,1,1,1,1,0,1,30,15,38,0
P5,9,1,0,2,5,0,0,1,1,1,1,1,1,8,15,38,0
P5,9,1,1,2,5,0,0,1,1,1,1,1,1,8,15,38,0
P5,9,1,1,9,5,0,0,1,1,1,1,1,1,8,15,38,0
D10,9,1,1,1,5,0,0,1,1,1,1,1,1,1,15,38,0
P5,9,1,1,78,5,0,0,1,1,1,1,0,1,2,15,38,0
P5,9,1,0,148,5,0,0,1,1,1,1,0,1,2,15,38,0
P5,9,1,0,26,5,0,0,1,1,1,1,0,1,2,15,38,0
P5,9,1,0,3,5,0,0,1,1,1,1,0,1,2,15,38,0
P5,9,1,0,6,5,0,0,1,1,1,1,0,1,2,15,38,0
P5,9,1,0,5,5,0,0,1,1,1,1,0,1,2,15,38,0
D11,9,1,0,6,5,0,0,1,1,1,1,0,1,2,15,38,0
P5,9,1,0,14,5,0,0,1,1,1,1,0,1,2,15,38,0
P5,9,1,0,16,5,0,0,1,1,1,1,0,1,2,15,38,0
D12,9,1,0,8,5,0,0,1,1,1,1,0,1,2,15,38,0
D11,9,1,0,4,5,0,0,1,1,1,1,0,1,2,15,38,0
D12,9,1,0,128,5,0,0,1,1,1,1,0,1,2,15,38,0
P5,9,1,0,11,5,0,0,1,1,1,1,0,1,2,15,38,0
P5,9,1,0,19,5,0,0,1,1,1,1,0,1,2,15,38,0
P5,9,1,0,10,5,0,0,1,1,1,1,0,1,2,15,38,0
P5,9,1,0,38,5,0,0,1,1,1,1,0,1,2,15,38,0
P5,9,1,0,20,5,0,0,1,1,1,1,0,1,2,15,38,0
P5,9,1,0,1,5,0,0,1,1,1,1,1,1,2,15,38,0
P5,9,1,0,6,5,0,0,1,1,1,1,1,1,8,15,38,0
P5,9,1,0,13,5,0,0,1,1,1,1,1,1,30,15,38,0
P5,9,1,0,0,5,0,0,1,1,1,1,1,1,30,15,38,0
P5,9,1,1,2,5,0,0,1,1,1,1,1,1,30,15,38,0
P5,9,1,0,0,5,0,0,1,1,1,1,0,1,30,15,38,0
D12,9,1,0,3,5,0,0,1,1,1,1,0,1,30,15,38,0
P5,9,1,0,4,5,0,0,1,1,1,1,0,1,30,15,38,0
P5,9,1,0,14,5,0,0,1,1,1,1,0,1,30,15,38,0
P5,9,1,0,44,5,0,0,1,1,1,1,0,1,30,15,38,0
P5,9,1,0,9,5,0,0,1,1,1,1,0,1,30,15,38,0
P5,9,1,0,1,5,0,0,1,1,1,1,0,1,30,15,38,0
P5,9,1,0,14,5,0,0,1,1,1,1,0,1,30,15,38,0
P5,9,1,0,6,5,0,0,1,1,1,1,0,1,30,15,38,0
P5,9,1,0,31,5,0,0,1,1,1,1,0,1,30,15,38,0
P5,9,1,0,0,5,0,0,1,1,1,1,0,1,30,15,38,0
P5,9,1,0,4,5,0,0,1,1,1,1,0,1,30,15,38,0
P5,9,1,0,69,5,0,0,1,1,1,1,0,1,30,15,38,0
P5,9,1,0,21,5,0,0,1,1,1,1,0,1,30,15,38,0
P5,9,1,0,11,5,0,0,1,1,1,1,0,1,30,15,38,0
P5,9,1,0,15,5,0,0,1,1,1,1,0,1,30,15,38,0
D11,9,1,0,2,5,0,0,1,1,1,1,0,1,30,15,38,0
P5,9,1,0,13,5,0,0,1,1,1,1,0,1,30,15,38,0
P5,9,1,0,15,5,0,0,1,1,1,1,0,1,30,15,38,0
P5,9,1,0,1,5,0,0,1,1,1,1,0,1,30,15,38,0
D11,9,1,0,32,5,0,0,1,1,1,1,0,1,30,15,38,0
P5,9,1,0,9,5,0,0,1,1,1,1,0,1,30,15,38,0
P5,9,1,0,51,5,0,0,1,1,1,1,0,1,30,15,38,0
P5,9,1,0,18,5,0,0,1,1,1,1,0,1,30,15,38,0
P5,9,1,0,13,5,0,0,1,1,1,1,0,1,30,15,38,0
P5,9,1,0,23,5,0,0,1,1,1,1,0,1,30,15,38,0
P5,9,1,0,44,5,0,0,1,1,1,1,0,1,30,15,38,0
D12,9,1,0,6,5,0,0,1,1,1,1,0,1,30,15,38,0
D12,9,1,0,11,5,0,0,1,1,1,1,0,1,30,15,38,0
P5,9,1,0,82,5,0,0,1,1,1,1,0,1,30,15,38,0
P5,9,1,0,11,5,0,0,1,1,1,1,0,1,30,15,38,0
P5,9,1,0,2,5,0,0,1,1,1,1,1,1,30,15,38,0
P5,9,1,0,6,5,0,0,1,1,1,1,1,1,30,15,38,0
P5,9,1,3,4,5,0,0,1,1,1,1,1,1,30,15,38,0
P5,9,1,0,4,5,0,0,1,1,1,1,1,1,30,15,38,0
P5,9,1,0,1,5,0,0,1,1,1,1,1,1,30,15,38,0
P5,9,1,1,6,5,0,0,1,1,1,1,1,1,30,15,38,0
D8,9,1,0,4,5,0,0,1,1,1,1,1,1,30,15,38,0
P5,9,1,4,1,5,0,0,1,1,1,1,0,1,30,15,38,0
P5,9,1,0,12,5,0,0,1,1,1,1,0,1,30,15,38,0
P5,9,1,0,15,5,0,0,1,1,1,1,0,1,30,15,38,0
D11,9,1,0,8,5,0,0,1,1,1,1,0,1,30,15,38,0
P5,9,1,0,25,5,0,0,1,1,1,1,0,1,30,15,38,0
P5,9,1,0,106,5,0,0,1,1,1,1,0,1,30,15,38,0
D12,9,1,0,57,5,0,0,1,1,1,1,0,1,30,15,38,0
D12,9,1,0,8,5,0,0,1,1,1,1,0,1,30,15,38,0
P5,9,1,0,21,5,0,0,1,1,1,1,0,1,30,15,38,0
P5,9,1,0,1,5,0,0,1,1,1,1,0,1,30,15,38,0
P5,9,1,0,6,5,0,0,1,1,1,1,0,1,30,15,38,0
P5,9,1,0,1,5,0,0,1,1,1,1,0,1,30,15,38,0
P5,9,1,0,9,5,0,0,1,1,1,1,0,1,30,15,38,0
P5,9,1,0,0,5,0,0,1,1,1,1,1,1,30,15,38,0
P5,9,1,0,29,5,0,0,1,1,1,1,0,1,30,15,38,0
P5,9,1,0,0,5,0,0,1,1,1,1,0,1,30,15,38,0
P5,9,1,0,0,5,0,0,1,1,1,1,0,1,30,15,38,0
P5,9,1,0,44,5,0,0,1,1,1,1,0,1,30,15,38,0
P5,9,1,0,0,5,0,0,1,1,1,1,0,1,30,15,38,0
P5,9,1,0,2,5,0,0,1,1,1,1,1,1,30,15,38,0
P5,9,1,3,0,5,0,0,1,1,1,1,1,1,30,15,38,0
P5,9,1,0,1,5,0,0,1,1,1,1,1,1,30,15,38,0
P5,9,1,0,8,5,0,0,1,1,1,1,0,1,30,15,38,0
D12,9,1,0,2,5,0,0,1,1,1,1,1,1,30,15,38,0
P5,9,1,0,7,5,0,0,1,1,1,1,1,1,30,15,38,0
P5,9,1,1,1,5,0,0,1,1,1,1,1,1,30,15,38,0
P5,9,1,0,38,5,0,0,1,1,1,1,0,1,30,15,38,0
P5,9,1,0,93,5,0,0,1,1,1,1,0,1,30,15,38,0
P5,9,1,0,4,5,0,0,1,1,1,1,0,1,30,8,38,0
P5,9,1,0,20,5,0,0,1,1,1,1,0,1,30,8,38,0
P5,9,1,0,22,5,0,0,1,1,1,1,0,1,30,8,38,0
P5,9,1,0,0,5,0,0,1,1,1,1,0,1,30,8,38,0
P5,9,1,0,2,5,0,0,1,1,1,1,0,1,30,8,38,0
D11,9,1,0,2,5,0,0,1,1,1,1,0,1,30,8,38,0
P5,9,1,0,5,5,0,0,1,1,1,1,0,1,30,8,38,0
P5,9,1,0,1,5,0,0,1,1,1,1,1,1,30,8,38,0
P5,9,1,2,2,5,0,0,1,1,1,1,1,1,30,10,38,0
D12,9,1,0,0,5,0,0,1,1,1,1,1,1,30,10,38,0
P5,9,1,0,4,5,0,0,1,1,1,1,1,1,30,10,38,0
D12,9,1,2,3,5,0,0,1,1,1,1,1,1,2,10,38,0
D12,9,1,0,0,5,0,0,1,1,1,1,1,1,30,10,38,0
D12,9,1,1,1,5,0,0,1,1,1,1,1,1,30,10,38,0
P5,9,1,0,4,5,0,0,1,1,1,1,1,1,30,15,38,0
D10,9,1,6,1,5,0,0,1,1,1,1,1,1,30,13,38,0
P5,9,1,3,31,5,0,0,1,1,1,1,0,1,30,14,38,0
P5,9,1,0,3,5,0,0,1,1,1,1,0,1,30,13,38,0
D12,9,1,0,8,5,0,0,1,1,1,1,0,1,30,15,38,0
D11,9,1,0,6,5,0,0,1,1,1,1,0,1,30,15,38,0
P5,9,1,0,8,5,0,0,1,1,1,1,0,1,30,15,38,0
P5,9,1,0,68,5,0,0,1,1,1,1,0,1,30,15,38,0
P5,9,1,0,2,5,0,0,1,1,1,1,0,1,30,15,38,0
P5,9,1,0,0,5,0,0,1,1,1,1,0,1,30,15,38,0
P5,9,1,0,10,5,0,0,1,1,1,1,0,1,30,15,38,0
P5,9,1,0,2,5,0,0,1,1,1,1,0,1,30,15,38,0
P5,9,1,0,3,5,0,0,1,1,1,1,0,1,30,12,38,0
P5,9,1,0,4,5,0,0,1,1,1,1,0,1,30,14,38,0
P5,9,1,0,105,5,0,0,1,1,1,1,0,1,30,15,38,0
P5,9,1,0,14,5,0,0,1,1,1,1,0,1,30,15,38,0
P5,9,1,0,13,5,0,0,1,1,1,1,0,1,30,15,38,0
P5,9,1,0,27,5,0,0,1,1,1,1,0,1,30,15,38,0
D12,9,1,0,24,5,0,0,1,1,1,1,0,1,30,15,38,0
D13,9,1,0,26,5,0,0,1,1,1,1,0,1,30,15,38,0
P5,9,1,0,19,5,0,0,1,1,1,1,0,1,30,15,38,0
P5,9,1,0,32,5,0,0,1,1,1,1,0,1,30,15,38,0
P5,9,1,0,0,5,0,0,1,1,1,1,0,1,30,15,38,0
P5,9,1,0,0,5,0,0,1,1,1,1,0,1,30,15,38,0
P5,9,1,0,5,5,0,0,1,1,1,1,0,1,30,15,38,0
P5,9,1,0,6,5,0,0,1,1,1,1,0,1,30,15,38,0
P5,9,1,0,1,5,0,0,1,1,1,1,0,1,30,15,38,0
D11,9,1,0,2,5,0,0,0,1,1,1,1,1,30,15,38,0
P5,9,1,0,5,5,0,0,1,1,1,1,1,1,30,15,38,0
P5,9,1,4,12,5,0,0,1,1,1,1,0,1,30,15,38,0
P5,9,1,0,4,5,0,0,1,1,1,1,0,1,30,15,38,0
P5,9,1,0,0,5,0,0,1,1,1,1,0,1,30,15,38,0
P5,9,1,0,15,5,0,0,1,1,1,1,0,1,30,15,38,0
D11,9,1,0,41,5,0,0,1,1,1,1,0,1,30,15,38,0
D14,9,1,0,0,5,0,0,1,1,1,1,0,1,30,15,38,0
P5,9,1,0,10,5,0,0,1,1,1,1,0,1,30,15,38,0
D12,9,1,0,6,5,0,0,1,1,1,1,0,1,30,15,38,0
P5,9,1,0,14,5,0,0,1,1,1,1,0,1,30,15,38,0
D11,9,1,0,0,5,0,0,1,1,1,1,0,1,30,15,38,0
P5,9,1,0,2,5,0,0,1,1,1,1,0,1,30,15,38,0
P5,9,1,0,46,5,0,0,0,1,1,1,0,1,30,15,38,0
P5,9,1,0,5,5,0,0,0,1,1,1,0,1,30,15,38,0
D11,9,1,0,22,5,0,0,0,1,1,1,0,1,30,15,38,0
P5,9,1,0,31,5,0,0,0,1,1,1,1,1,30,15,38,0
P5,9,1,5,54,5,0,0,0,1,1,1,1,1,30,15,38,0
P5,9,1,6,110,5,0,0,0,1,1,1,1,1,12,10,38,0
D11,9,1,6,16,5,0,0,0,1,1,1,1,1,12,10,38,0
P5,9,1,6,0,5,0,0,0,1,1,1,1,1,12,10,38,0
P5,9,1,8,76,5,0,0,0,1,1,1,1,1,12,10,38,0
D11,9,1,7,12,5,0,0,0,1,1,1,1,1,12,10,38,0
D11,9,1,7,12,5,0,0,0,1,1,1,1,1,12,10,38,0
D11,9,1,7,4,5,0,0,0,1,1,1,1,1,9,10,38,0
D11,9,1,7,30,5,0,0,0,1,1,1,1,1,2,10,38,0
P5,9,1,7,9,5,0,0,0,1,1,1,1,1,2,10,38,0
P5,9,1,6,0,5,0,0,0,1,1,1,1,1,21,10,38,0
P5,9,1,8,40,5,0,0,0,1,1,1,1,1,21,10,38,0
P5,9,1,8,15,5,0,0,0,1,1,1,1,1,21,10,38,0
P5,9,1,7,3,5,0,0,0,1,1,1,1,1,21,10,38,0
P5,9,1,8,9,5,0,0,0,1,1,1,1,1,21,10,38,0
P5,9,1,9,36,5,0,0,0,1,1,1,1,1,21,10,38,0
P5,9,1,5,8,5,0,0,0,1,1,1,1,1,21,10,38,0
D11,9,1,7,0,5,0,0,0,1,1,1,1,1,21,10,38,0
P5,9,1,6,8,5,0,0,0,1,1,1,1,1,21,10,38,0
P5,9,1,0,0,5,0,0,0,1,1,1,0,1,21,10,38,0
D11,9,1,0,0,5,0,0,0,1,1,1,0,1,21,10,38,0
P5,9,1,0,17,5,0,0,0,1,1,1,1,1,21,10,38,0
P5,9,1,7,5,5,0,0,1,1,1,1,1,1,9,11,38,0
P5,9,1,10,13,5,0,0,1,1,1,1,1,1,9,11,38,0
P5,9,1,13,25,5,0,0,1,1,1,1,1,1,9,15,38,0
P5,9,1,13,46,5,0,0,1,1,1,1,1,1,9,15,38,0
P5,9,1,13,37,5,0,0,1,1,1,1,1,1,9,15,38,0
P5,9,1,13,11,5,0,0,1,1,1,1,1,1,9,15,38,0
P5,9,1,9,0,5,0,0,1,1,1,1,1,1,9,15,38,0
P5,9,1,13,13,5,0,0,1,1,1,1,1,1,9,15,38,0
P5,9,1,13,44,5,0,0,1,1,1,1,1,1,9,15,38,0
P5,9,1,13,12,5,0,0,1,1,1,1,1,1,9,15,38,0
P5,9,1,13,11,5,0,0,0,1,1,1,1,1,9,15,38,0
D11,9,1,11,3,5,0,0,1,1,1,1,1,1,9,15,38,0
P5,9,1,11,2,5,0,0,1,1,1,1,1,1,9,15,38,0
P5,9,1,11,14,5,0,0,1,1,1,1,1,1,9,15,38,0
P5,9,1,11,17,5,0,0,1,1,1,1,1,1,9,15,38,0
P5,9,1,11,0,5,0,0,1,1,1,1,1,1,9,15,38,0
P5,9,1,11,6,5,0,0,1,1,1,1,1,1,9,15,38,0
P5,9,1,12,26,5,0,0,1,1,1,1,1,1,9,15,38,0
D11,9,1,12,11,5,0,0,1,1,1,1,1,1,9,15,38,0
P5,9,1,12,14,5,0,0,1,1,1,1,1,1,9,15,38,0
P5,9,1,12,15,5,0,0,1,1,1,1,1,1,9,15,38,0
P5,9,1,12,2,5,0,0,1,1,1,1,1,1,9,15,38,0
P5,9,1,12,0,5,0,0,1,1,1,1,1,1,9,15,38,0
P5,9,1,11,8,5,0,0,1,1,1,1,1,1,9,15,38,0
P5,9,1,12,14,5,0,0,1,1,1,1,1,1,9,15,38,0
P5,9,1,12,26,5,0,0,1,1,1,1,1,1,9,15,38,0
P5,9,1,11,66,5,0,0,1,1,1,1,1,1,9,15,38,0
P5,9,1,11,21,5,0,0,1,1,1,1,1,1,9,15,38,0
P5,9,1,11,22,5,0,0,1,1,1,1,1,1,9,15,38,0
P5,9,1,11,2,5,0,0,1,1,1,1,1,1,9,15,38,0
P5,9,1,12,12,5,0,0,1,1,1,1,1,1,9,15,38,0
P5,9,1,12,0,5,0,0,1,1,1,1,1,1,9,15,38,0
P5,9,1,12,23,5,0,0,1,1,1,1,1,1,9,15,38,0
P5,9,1,12,0,5,0,0,1,1,1,1,1,1,9,15,38,0
P5,9,1,11,28,5,0,0,1,1,1,1,1,1,9,15,38,0
P5,9,1,11,26,5,0,0,1,1,1,1,1,1,9,15,38,0
D11,9,1,11,49,5,0,0,1,1,1,1,1,1,9,15,38,0
P5,9,1,11,18,5,0,0,1,1,1,1,1,1,9,15,38,0
P5,9,1,2,0,5,0,0,1,1,1,1,1,1,9,15,38,0
P5,9,1,5,20,5,0,0,1,1,1,1,1,1,9,15,38,0
P5,9,1,5,0,5,0,0,1,1,1,1,1,1,9,15,38,0
P5,9,1,7,8,5,0,0,1,1,1,1,1,1,9,15,38,0
P5,9,1,1,67,5,0,0,1,1,1,1,1,1,9,15,38,0
P5,9,1,3,23,5,0,0,1,1,1,1,1,1,9,15,38,0
P5,9,1,6,25,5,0,0,1,1,1,1,1,1,9,15,38,0
P5,9,1,4,130,5,0,0,1,1,1,1,1,1,9,15,38,0
P5,9,1,1,43,5,0,0,1,1,1,1,1,1,9,15,38,0
P5,9,1,2,57,5,0,0,1,1,1,1,1,1,9,15,38,0
P5,9,1,6,5,5,0,0,1,1,1,1,1,1,9,15,38,0
P5,9,1,2,22,5,0,0,1,1,1,1,1,1,9,15,38,0
P5,9,1,4,18,5,0,0,1,1,1,1,1,1,2,15,38,0
P5,9,1,4,8,5,0,0,0,1,1,1,1,1,30,15,38,0
P5,9,1,1,3,5,0,0,0,1,1,1,1,1,30,15,38,0
P5,9,1,0,3,5,0,0,1,1,1,1,1,1,30,15,38,0
P5,9,1,9,0,5,0,0,1,1,1,1,1,1,30,15,38,0
P5,9,1,11,11,5,0,0,1,1,1,1,1,1,30,15,38,0
P5,9,1,8,13,5,0,0,1,1,1,1,1,1,30,15,38,0
D11,9,1,3,10,5,0,0,1,1,1,1,1,1,30,15,38,0
D11,9,1,2,9,5,0,0,1,1,1,1,1,1,30,15,38,0
P5,9,1,0,7,5,0,0,1,1,1,1,1,1,30,15,38,0
P5,9,1,0,7,5,0,0,1,1,1,1,0,1,30,15,38,0
P5,9,1,0,33,5,0,0,1,1,1,1,0,1,30,15,38,0
D11,9,1,0,10,5,0,0,1,1,1,1,0,1,30,15,38,0
D11,9,1,0,78,5,0,0,1,1,1,1,0,1,30,15,38,0
P5,9,1,0,6,5,0,0,1,1,1,1,0,1,30,15,38,0
P5,9,1,0,2,5,0,0,1,1,1,1,0,1,30,15,38,0
P5,9,1,0,19,5,0,0,1,1,1,1,0,1,30,15,38,0
P5,9,1,0,99,5,0,0,1,1,1,1,0,1,30,15,38,0
D11,9,1,0,0,5,0,0,1,1,1,1,0,1,30,15,38,0
D11,9,1,0,96,5,0,0,1,1,1,1,0,1,30,15,38,0
D11,9,1,0,62,5,0,0,1,1,1,1,0,1,30,15,38,0
D11,9,1,0,25,5,0,0,1,1,1,1,0,1,30,15,38,0
D11,9,1,0,45,5,0,0,1,1,1,1,0,1,30,15,38,0
D10,9,1,0,12,4,0,0,1,1,1,1,0,1,30,15,38,0
D10,9,1,0,6,4,0,0,1,1,1,1,0,1,30,15,38,0
D10,9,1,0,10,4,0,0,1,1,1,1,0,1,30,15,38,0
D10,9,1,0,10,4,0,0,1,1,1,1,0,1,30,15,38,0
D10,9,1,0,28,4,0,0,1,1,1,1,0,1,30,15,38,0
D10,9,1,0,147,4,0,0,1,1,1,1,0,1,30,15,38,0
D10,9,1,0,13,4,0,0,1,1,1,1,0,1,30,15,38,0
D10,9,1,0,13,4,0,0,1,1,1,1,0,1,30,15,38,0
D10,9,1,0,0,4,0,0,1,1,1,1,0,1,30,15,38,0
D10,9,1,0,23,4,0,0,1,1,1,1,0,1,30,15,38,0
D9,9,1,0,1,4,0,0,1,1,1,1,0,1,30,15,38,0
D9,9,1,0,27,4,0,0,1,1,1,1,0,1,30,15,38,0
D9,9,1,0,8,4,0,0,1,1,1,1,0,1,30,15,38,0
D9,9,1,0,36,4,0,0,1,1,1,1,0,1,30,15,38,0
D9,9,1,0,0,4,0,0,1,1,1,1,0,1,30,15,38,0
D9,9,1,0,25,4,0,0,0,1,1,1,0,1,30,15,38,0
D9,9,1,0,0,4,0,0,0,1,1,1,0,1,30,15,38,0
D9,9,1,0,18,4,0,0,0,1,1,1,0,1,30,15,38,0
D9,9,1,0,0,4,0,0,0,1,1,1,0,1,30,15,38,0
D9,9,1,0,3,4,0,0,0,1,1,1,0,1,30,15,38,0
D9,9,1,0,5,4,0,0,0,1,1,1,0,1,30,15,38,0
D9,9,1,0,2,4,0,0,0,1,1,1,1,1,30,15,38,0
D9,9,1,1,5,4,0,0,0,1,1,1,0,1,30,15,38,0
D9,9,1,0,4,4,0,0,0,1,1,1,0,1,30,15,38,0
D9,9,1,0,3,4,0,0,0,1,1,1,0,1,30,15,38,0
D9,9,1,0,11,4,0,0,0,1,1,1,0,1,30,15,38,0
D9,9,1,0,7,4,0,0,0,1,1,1,0,1,30,15,38,0
D9,9,1,0,8,4,0,0,0,1,1,1,0,1,30,15,38,0
D9,9,1,0,0,4,0,0,0,1,1,1,0,1,30,15,38,0
D9,9,1,0,9,4,0,0,0,1,1,1,0,1,30,15,38,0
D9,9,1,0,28,4,0,0,0,1,1,1,0,1,30,15,38,0
D9,9,1,0,3,4,0,0,0,1,1,1,0,1,30,15,38,0
D9,9,1,0,0,4,0,0,0,1,1,1,0,1,30,15,38,0
D9,9,1,0,0,4,0,0,0,1,1,1,0,1,30,15,38,0
D9,9,1,0,24,4,0,0,0,1,1,1,0,1,30,15,38,0
D9,9,1,0,0,4,0,0,0,1,1,1,0,1,30,15,38,0
D9,9,1,0,31,4,0,0,0,1,1,1,0,1,30,15,38,0
D9,9,1,0,39,4,0,0,0,1,1,1,0,1,30,15,38,0
D9,9,1,0,47,4,0,0,0,1,1,1,0,1,30,15,38,0
D9,9,1,0,4,4,0,0,0,1,1,1,0,1,30,15,38,0
D9,9,1,0,13,4,0,0,0,1,1,1,0,1,30,15,38,0
D9,9,1,0,0,4,0,0,0,1,1,1,1,1,30,15,38,0
D9,9,1,2,42,4,0,0,0,1,1,1,1,1,21,15,38,0
D9,9,1,2,1,4,0,0,0,1,1,1,1,1,21,15,38,0
D9,9,1,2,5,4,0,0,0,1,1,1,1,1,21,15,38,0
D9,9,1,2,7,4,0,0,0,1,1,1,1,1,21,15,38,0
D9,9,1,2,0,4,0,0,0,1,1,1,1,1,21,15,38,0
D9,9,1,2,10,4,0,0,0,1,1,1,1,1,21,15,38,0
D9,9,1,2,7,4,0,0,0,1,1,1,1,1,21,15,38,0
D9,9,1,1,1,4,0,0,0,1,1,1,1,1,21,15,38,0
D9,9,1,3,0,4,0,0,0,1,1,1,1,1,21,15,38,0
D9,9,1,2,7,4,0,0,0,1,1,1,1,1,21,15,38,0
D9,9,1,2,4,4,0,0,0,1,1,1,1,1,21,15,38,0
D9,9,1,2,0,4,0,0,0,1,1,1,1,1,21,15,38,0
D9,9,1,3,22,4,0,0,0,1,1,1,1,1,21,15,38,0
D9,9,1,2,153,4,0,0,1,1,1,1,0,1,21,15,38,0
D8,9,1,0,217,4,0,0,1,1,1,1,0,1,21,15,38,0
D9,9,1,0,0,4,0,0,1,1,1,1,0,1,21,15,38,0
D9,9,1,0,12,4,0,0,1,1,1,1,0,1,21,15,38,0
D9,9,1,0,10,4,0,0,1,1,1,1,0,1,21,15,38,0
D9,9,1,0,68,4,0,0,1,1,1,1,0,1,21,15,38,0
D9,9,1,0,6,4,0,0,1,1,1,1,0,1,21,15,38,0
D9,9,1,0,35,4,0,0,1,1,1,1,0,1,21,15,38,0
D8,9,1,0,0,4,0,0,1,1,1,1,0,1,21,15,38,0
D8,9,1,0,26,4,0,0,1,1,1,1,0,1,21,15,38,0
D8,9,1,0,5,4,0,0,1,1,1,1,0,1,21,15,38,0
D8,9,1,0,26,4,0,0,1,1,1,1,0,1,21,15,38,0
D8,9,1,0,24,4,0,0,1,1,1,1,0,1,21,15,38,0
D8,9,1,0,85,4,0,0,1,1,1,1,0,1,21,15,38,0
D7,9,1,0,28,4,0,0,1,1,1,1,0,1,21,15,38,0
D7,9,1,0,0,4,0,0,1,1,1,1,0,1,21,15,38,0
D7,9,1,0,17,4,0,0,1,1,1,1,0,1,21,15,38,0
D7,9,1,0,64,4,0,0,1,1,1,1,0,1,21,15,38,0
D7,9,1,0,190,4,0,0,1,1,1,1,0,1,21,15,38,0
D7,9,1,0,36,4,0,0,1,1,1,1,0,1,21,15,38,0
P3,9,1,0,10,4,0,0,1,1,1,1,0,1,21,15,38,0
P3,9,1,0,53,4,0,0,1,1,1,1,0,1,21,15,38,0
P3,9,1,0,27,4,0,0,1,1,1,1,0,1,21,15,38,0
P3,9,1,0,152,4,0,0,1,1,1,1,0,1,21,15,38,0
P3,9,1,0,2,4,0,0,1,1,1,1,0,1,21,15,38,0
P3,9,1,0,25,4,0,0,1,1,1,1,0,1,21,15,38,0
P3,9,1,0,4,4,0,0,1,1,1,1,0,1,21,15,38,0
P3,9,1,0,33,4,0,0,1,1,1,1,0,1,21,15,38,0
P3,9,1,0,38,4,0,0,0,1,1,1,0,1,21,15,38,0
P3,9,1,0,350,4,0,0,1,1,1,1,0,1,21,15,38,0
P3,9,1,0,20,4,0,0,1,1,1,1,0,1,21,15,38,0
P3,9,1,0,47,4,0,0,1,1,1,1,0,1,21,15,38,0
P3,9,1,0,16,4,0,0,1,1,1,1,0,1,21,15,38,0
P3,9,1,0,112,4,0,0,1,1,1,1,0,1,21,15,38,0
P3,9,1,0,282,4,0,0,1,1,1,1,0,1,21,15,38,0
P3,9,1,0,20,4,0,0,1,1,1,1,0,1,21,15,38,0
P3,9,1,0,13,4,0,0,1,1,1,1,0,1,21,15,38,0
P3,9,1,0,41,4,0,0,1,1,1,1,0,1,21,15,38,0
P3,9,1,0,60,4,0,0,1,1,1,1,0,1,21,15,38,0
P3,9,1,0,21,4,0,0,1,1,1,1,0,1,21,15,38,0
P3,9,1,0,22,4,0,0,1,1,1,2,0,1,21,15,38,0
P3,9,1,0,19,4,0,0,1,1,1,2,0,1,21,15,38,0
P3,9,1,0,7,4,0,0,0,1,1,2,0,1,21,15,38,0
P3,9,1,0,9,4,0,0,0,1,1,2,0,1,21,15,38,0
P3,9,1,0,13,4,0,0,1,1,1,2,1,1,21,15,38,0
P3,9,1,1,7,4,0,0,1,1,1,2,1,1,12,15,38,0
P3,9,1,3,0,4,0,0,1,1,1,2,1,1,12,15,38,0
P3,9,1,2,5,4,0,0,0,1,1,2,1,1,12,15,38,0
P3,9,1,0,0,4,0,0,0,1,1,2,1,1,12,15,38,0
P3,9,1,1,3,4,0,0,0,1,1,2,1,1,12,15,38,0
P3,9,1,1,0,4,0,0,0,1,1,2,1,1,12,15,38,0
P3,9,1,1,3,4,0,0,0,1,1,2,1,1,12,15,38,0
P3,9,1,1,7,4,0,0,0,1,1,2,1,1,12,15,38,0
P3,9,1,1,7,4,0,0,0,1,1,2,1,1,12,15,38,0
P3,9,1,1,2,4,0,0,0,1,1,2,1,1,12,15,38,0
P3,9,1,1,0,4,0,0,0,1,1,2,1,1,12,15,38,0
P3,9,1,1,1,4,0,0,0,1,1,2,1,1,12,15,38,0
P3,9,1,1,0,4,0,0,0,1,1,2,1,1,12,15,38,0
P3,9,1,1,134,4,0,0,0,1,1,2,1,1,12,15,38,0
P3,9,1,4,2,4,0,0,0,1,1,2,1,1,12,15,38,0
P3,9,1,8,0,4,0,0,0,0,0,2,1,1,12,0,38,0
P3,9,1,8,4,4,0,0,0,0,0,2,1,1,12,0,38,0
P3,9,1,4,6,4,0,0,0,0,0,2,0,1,12,0,38,0
P3,9,1,8,1,4,0,0,0,0,0,2,0,1,12,0,38,0
P3,9,1,8,2,4,0,0,0,0,0,2,0,1,12,0,38,0
P3,9,1,8,0,4,0,0,0,0,0,2,0,1,12,0,38,0
P3,9,1,8,0,4,0,0,0,0,0,2,0,1,12,0,38,0
P3,9,1,8,0,4,0,0,0,0,0,2,0,1,12,0,38,0
P3,9,1,8,0,4,0,0,0,0,0,2,0,1,12,0,38,0
P3,9,1,8,0,4,0,0,0,0,0,2,0,1,12,0,38,0
P3,9,1,8,6,4,0,0,0,0,0,2,0,1,12,0,38,0
P3,9,1,8,1,4,0,0,0,0,0,2,0,1,12,0,38,0
P3,9,1,8,0,4,0,0,0,0,0,2,0,1,12,0,38,0
P3,9,1,8,6,4,0,0,0,0,0,2,0,1,12,0,38,0
P3,9,1,8,8,4,0,0,0,0,0,2,0,1,12,0,38,0
P3,9,1,8,7,4,0,0,0,0,0,2,0,1,12,0,38,0
P3,9,1,8,0,4,0,0,0,0,0,2,0,1,12,0,38,0
P3,9,1,8,0,4,0,0,0,0,0,2,0,1,12,0,38,0
P3,9,1,8,1,4,0,0,0,0,0,2,0,1,12,0,38,0
P3,9,1,8,7,4,0,0,0,0,0,2,0,1,12,0,38,0
P3,9,1,8,2,4,0,0,0,0,0,2,0,1,12,0,38,0
P3,9,1,8,2,4,0,0,0,0,0,2,0,1,12,0,38,0
P3,9,1,8,0,4,0,0,0,0,0,2,1,1,12,0,38,0
P3,9,1,3,0,4,0,0,0,0,0,2,1,1,12,0,38,0
P3,9,1,3,12,4,0,0,0,0,0,2,1,1,12,0,38,0
P3,9,1,3,316,4,0,0,0,0,0,2,1,1,12,0,38,0
P3,9,1,2,10,4,0,0,0,0,0,2,1,1,12,0,38,0
P3,9,1,2,7,4,0,0,0,0,0,2,1,1,12,0,38,0
P3,9,1,2,0,4,0,0,0,0,0,2,1,1,8,0,38,0
P3,9,1,3,0,4,0,0,0,0,0,2,1,1,8,0,38,0
P3,9,1,4,21,4,0,0,0,0,0,2,1,1,8,0,38,0
P3,9,1,4,64,4,0,0,0,0,0,2,1,1,8,0,38,0
P3,9,1,3,8,4,0,0,0,0,0,2,1,1,8,0,38,0
P3,9,1,2,1,4,0,0,0,0,0,2,1,1,8,0,38,0
P3,9,1,2,3,4,0,0,0,0,0,2,1,1,8,0,38,0
P3,9,1,3,0,4,0,0,0,0,0,2,1,1,8,0,38,0
P3,9,1,8,3,4,0,0,0,0,0,2,1,1,8,0,38,0
P3,9,1,5,1,4,0,0,0,0,0,2,1,1,8,0,38,0
P3,9,1,5,2,4,0,0,0,0,0,2,1,1,8,0,38,0
P3,9,1,5,1,4,0,0,0,0,0,2,1,1,8,0,38,0
P3,9,1,1,0,4,0,0,0,0,0,2,1,1,8,0,38,0
P3,9,1,4,1,4,0,0,0,0,0,2,1,1,8,0,38,0
P3,9,1,5,1,4,0,0,0,0,0,2,1,1,8,0,38,0
P3,9,1,4,1,4,0,0,0,0,0,2,1,1,12,0,38,0
P3,9,1,3,4,4,0,0,0,0,0,2,1,1,20,1,38,0
P3,9,1,4,0,4,0,0,0,0,0,2,0,1,20,1,38,0
P3,9,1,5,0,4,0,0,0,0,0,2,1,1,20,0,38,0
P3,9,1,4,0,4,0,0,0,0,0,2,1,1,8,0,38,0
P3,9,1,4,0,4,0,0,0,0,0,2,1,1,12,0,38,0
P3,9,1,4,0,4,0,0,1,0,0,2,1,1,12,8,38,0
P3,9,1,4,1,4,0,0,1,0,0,2,1,1,12,9,38,0
P3,9,1,4,2,4,0,0,0,0,0,2,1,1,12,9,38,0
P3,9,1,3,2,4,0,0,1,0,0,2,1,1,12,6,38,0
P3,9,1,2,0,4,0,0,0,0,0,2,1,1,12,0,38,0
P3,9,1,4,1,4,0,0,0,0,0,2,1,1,12,0,38,0
P3,9,1,4,2,4,0,0,0,0,0,2,1,1,12,0,38,0
P3,9,1,4,3,4,0,0,0,0,0,2,1,1,12,0,38,0
P3,9,1,5,0,4,0,0,0,0,0,2,1,1,12,0,38,0
P3,9,1,4,0,4,0,0,0,0,0,2,0,1,12,0,38,0
P3,9,1,0,2,4,0,0,0,0,0,2,0,1,12,0,38,0
P3,9,1,0,0,4,0,0,0,0,0,2,0,1,12,0,38,0
P3,9,1,0,0,4,0,0,0,0,0,2,1,1,12,0,38,0
P3,9,1,2,0,4,0,0,0,0,0,2,1,1,12,0,38,0
P3,9,1,2,0,4,0,0,0,0,0,2,1,1,2,0,38,0
P3,9,1,3,0,4,0,0,0,0,0,2,0,1,15,0,38,0
P3,9,1,0,7,4,0,0,0,0,0,2,0,1,15,0,38,0
P3,9,1,0,1,4,0,0,0,0,0,2,0,1,15,0,38,0
P3,9,1,0,0,4,0,0,0,0,0,2,0,1,15,0,38,0
P3,9,1,0,2,4,0,0,0,0,0,2,0,1,15,0,38,0
P3,9,1,0,2,4,0,0,0,0,0,2,0,1,15,0,38,0
P3,9,1,0,0,4,0,0,0,0,0,2,0,1,15,0,38,0
P3,9,1,0,0,4,0,0,0,0,0,2,0,1,15,0,38,0
P3,9,1,0,10,4,0,0,0,0,0,2,0,1,15,0,38,0
P3,9,1,0,4,4,0,0,0,0,0,2,0,1,15,0,38,0
P3,9,1,0,0,4,0,0,0,0,0,2,1,1,8,0,38,0
P3,9,1,3,0,4,0,0,0,0,0,2,1,1,12,0,38,0
P3,9,1,4,0,4,0,0,0,0,0,2,1,1,12,0,38,0
P3,9,1,4,1,4,0,0,0,0,0,2,1,1,12,0,38,0
P3,9,1,4,0,4,0,0,0,0,0,2,1,1,12,0,38,0
P3,9,1,3,0,4,0,0,0,0,0,2,1,1,12,0,38,0
P3,9,1,3,0,4,0,0,0,0,0,2,1,1,12,0,38,0
P3,9,1,3,0,4,0,0,0,0,0,2,1,1,12,0,38,0
P3,9,1,4,0,4,0,0,0,0,0,2,1,1,12,0,38,0
P3,9,1,4,0,4,0,0,0,0,0,2,1,1,12,0,38,0
P3,9,1,3,0,4,0,0,0,0,0,2,1,1,12,0,38,0
P3,9,1,3,0,4,0,0,0,0,0,2,1,1,12,0,38,0
P3,9,1,3,1,4,0,0,0,0,0,2,1,1,12,0,38,0
P3,9,1,3,0,4,0,0,0,0,0,2,1,1,12,0,38,0
P3,9,1,3,0,4,0,0,0,0,0,2,1,1,2,0,38,0
P3,9,1,1,1,4,0,0,0,0,0,2,1,1,43,0,38,0
P3,9,1,3,1,4,0,0,0,0,0,2,1,1,43,0,38,0
P3,9,1,3,0,4,0,0,0,0,0,2,1,1,43,0,38,0
P3,9,1,3,0,4,0,0,0,0,0,2,1,1,43,0,38,0
P3,9,1,3,0,4,0,0,0,0,0,2,1,1,15,0,38,0
P3,9,1,3,0,4,0,0,0,0,0,2,1,1,15,0,38,0
P3,9,1,2,0,4,0,0,0,0,0,2,1,1,15,0,38,0
P3,9,1,3,0,4,0,0,0,0,0,2,1,1,15,0,38,0
P3,9,1,3,0,4,0,0,0,0,0,2,1,1,15,0,38,0
P3,9,1,3,0,4,0,0,0,0,0,2,1,1,15,0,38,0
P3,9,1,3,0,4,0,0,0,0,0,2,1,1,15,0,38,0
P3,9,1,2,0,4,0,0,0,0,0,2,1,1,15,0,38,0
P3,9,1,3,0,4,0,0,0,0,0,2,1,1,15,0,38,0
P3,9,1,2,0,4,0,0,0,0,0,2,1,1,15,0,38,0
P3,9,1,2,0,4,0,0,0,0,0,2,1,1,15,0,38,0
P3,9,1,2,0,4,0,0,0,0,0,2,1,1,15,0,38,0
P3,9,1,3,0,4,0,0,1,0,0,2,1,1,15,0,38,0
P3,9,1,3,0,4,0,0,1,0,0,2,1,1,15,0,38,0
P3,9,1,3,0,4,0,0,0,0,0,2,1,1,15,0,38,0
P3,9,1,3,0,4,0,0,0,0,0,2,1,1,15,0,38,0
P3,9,1,3,0,4,0,0,0,0,0,2,1,1,15,0,38,0
P3,9,1,3,1,4,0,0,1,0,0,2,1,1,15,0,38,0
P3,9,1,2,0,4,0,0,1,0,0,2,1,1,15,0,38,0
P3,9,1,3,0,4,0,0,1,0,0,2,1,1,15,0,38,0
P3,9,1,3,0,4,0,0,1,0,0,2,1,1,15,0,38,0
P3,9,1,3,0,4,0,0,1,0,0,2,1,1,15,0,38,0
P3,9,1,3,0,4,0,0,0,0,0,2,1,1,15,0,38,0
P3,9,1,3,0,4,0,0,0,0,0,2,1,1,15,0,38,0
P3,9,1,3,0,4,0,0,0,0,0,2,1,1,15,0,38,0
P3,9,1,2,0,4,0,0,0,0,0,2,1,1,15,0,38,0
P3,9,1,2,0,4,0,0,0,0,0,2,1,1,15,0,38,0
P3,9,1,3,1,4,0,0,0,0,0,2,1,1,15,0,38,0
P3,9,1,3,0,4,0,0,0,0,0,2,1,1,15,0,38,0
P3,9,1,3,0,4,0,0,0,0,0,2,1,1,15,0,38,0
P3,9,1,3,0,4,0,0,1,0,0,2,1,1,15,0,38,0
P3,9,1,3,0,4,0,0,1,0,0,2,1,1,15,0,38,0
P3,9,1,3,0,4,0,0,0,0,0,2,1,1,15,0,38,0
P3,9,1,3,0,4,0,0,1,0,0,2,1,1,15,0,38,0
P3,9,1,3,0,4,0,0,1,0,0,2,1,1,15,0,38,0
P3,9,1,3,0,4,0,0,1,0,0,2,1,1,15,0,38,0
P3,9,1,2,0,4,0,0,0,0,0,2,1,1,2,0,38,0
P3,9,1,0,0,4,0,0,0,0,0,2,1,1,23,0,38,0
P3,9,1,2,0,4,0,0,0,0,0,2,1,1,23,0,38,0
P3,9,1,1,0,4,0,0,0,0,0,2,1,1,23,0,38,0
P3,9,1,1,0,4,0,0,0,0,0,2,1,1,23,0,38,0
P3,9,1,1,0,4,0,0,0,0,0,2,1,1,23,0,38,0
P3,9,1,1,0,4,0,0,0,0,0,2,1,1,23,0,38,0
P3,9,1,1,0,4,0,0,0,0,0,2,1,1,23,0,38,0
P3,9,1,3,0,4,0,0,0,0,0,2,1,1,23,0,38,0
P3,9,1,2,0,4,0,0,0,0,0,2,1,1,23,0,38,0
P3,9,1,3,0,4,0,0,0,0,0,2,1,1,23,0,38,0
P3,9,1,2,0,4,0,0,0,0,0,2,1,1,23,0,38,0
P3,9,1,2,0,4,0,0,0,0,0,2,1,1,23,0,38,0
P3,9,1,2,0,4,0,0,0,0,0,2,1,1,23,0,38,0
P3,9,1,2,0,4,0,0,0,0,0,2,1,1,23,0,38,0
P3,9,1,2,0,4,0,0,0,0,0,2,1,1,23,0,38,0
P3,9,1,3,0,4,0,0,0,0,0,2,1,1,23,0,38,0
P3,9,1,2,0,4,0,0,0,0,0,2,1,1,23,0,38,0
P3,9,1,2,0,4,0,0,0,0,0,2,1,1,23,0,38,0
P3,9,1,3,0,4,0,0,0,0,0,2,1,1,23,0,38,0
P3,9,1,2,0,4,0,0,0,0,0,2,1,1,23,0,38,0
P3,9,1,3,0,4,0,0,0,0,0,2,1,1,23,0,38,0
P3,9,1,3,0,4,0,0,0,0,0,2,1,1,23,0,38,0
P3,9,1,3,0,4,0,0,0,0,0,2,1,1,23,0,38,0
P3,9,1,1,0,4,0,0,0,0,0,2,1,1,23,0,38,0
P3,9,1,3,0,4,0,0,0,0,0,2,1,1,23,0,38,0
P3,9,1,3,0,4,0,0,0,0,0,2,1,1,23,0,38,0
P3,9,1,3,0,4,0,0,0,0,0,2,1,1,23,0,38,0
P3,9,1,3,0,4,0,0,0,0,0,2,1,1,23,0,38,0
P3,9,1,2,0,4,0,0,0,0,0,2,1,1,23,0,38,0
P3,9,1,2,0,4,0,0,0,0,0,2,1,1,23,0,38,0
P3,9,1,1,0,4,0,0,0,0,0,2,1,1,23,0,38,0
P3,9,1,3,0,4,0,0,0,0,0,2,1,1,23,0,38,0
P3,9,1,2,0,4,0,0,0,0,0,2,1,1,23,0,38,0
P3,9,1,2,0,4,0,0,0,0,0,2,1,1,23,0,38,0
P3,9,1,6,0,4,0,0,0,0,0,2,1,1,23,0,38,0
P3,9,1,2,2,4,0,0,1,0,0,2,1,1,23,0,38,0
P3,9,1,1,1,4,0,0,1,0,0,2,1,1,23,0,38,0
P3,9,1,1,1,4,0,0,1,0,0,2,1,1,23,0,38,0
P3,9,1,1,0,4,0,0,1,0,0,2,1,1,23,0,38,0
P3,9,1,1,3,4,0,0,0,0,0,2,1,1,23,0,38,0
P3,9,1,1,0,4,0,0,1,0,0,2,1,1,23,0,38,0
P3,9,1,1,0,4,0,0,0,0,0,2,1,1,23,0,38,0
P3,9,1,2,3,4,0,0,0,0,0,2,1,1,23,0,38,0
P3,9,1,1,0,4,0,0,1,0,0,2,1,1,23,0,38,0
P3,9,1,1,0,4,0,0,0,0,0,2,1,1,23,0,38,0
P3,9,1,2,0,4,0,0,1,0,0,2,1,0,23,0,38,0
P3,9,1,1,1,4,0,0,1,0,0,2,1,0,23,0,38,0
P3,9,1,1,1,4,0,0,1,0,0,2,1,0,23,0,38,0
P3,9,1,1,1,4,0,0,1,0,0,2,1,0,23,0,38,0
P3,9,1,2,2,4,0,0,1,0,0,2,1,0,23,0,38,0
P3,9,1,1,1,4,0,0,1,0,0,2,1,0,23,0,38,0
P3,9,1,1,0,4,0,0,1,0,0,2,1,1,23,0,38,0
P3,9,1,2,0,4,0,0,0,0,0,2,1,1,12,0,38,0
P3,9,1,3,2,4,0,0,0,0,0,2,1,1,12,0,38,0
P3,9,1,2,0,4,0,0,0,0,0,2,1,1,12,0,38,0
P3,9,1,2,0,4,0,0,0,0,0,2,1,1,12,0,38,0
P3,9,1,3,1,4,0,0,0,0,0,2,1,1,12,0,38,0
D7,9,1,5,6,4,0,0,0,0,0,2,1,1,12,0,38,0
P3,9,1,4,2,4,0,0,0,0,0,2,1,1,12,0,38,0
P3,9,1,4,0,4,0,0,0,0,0,2,1,1,12,0,38,0
P3,9,1,5,1,4,0,0,0,0,0,2,1,1,12,0,38,0
D7,9,1,5,2,4,0,0,0,0,0,2,1,1,12,0,38,0
P3,9,1,5,1,4,0,0,0,0,0,2,1,1,12,0,38,0
P3,9,1,6,2,4,0,0,0,0,0,2,1,1,12,0,38,0
P3,9,1,5,0,4,0,0,0,0,0,2,1,1,12,0,38,0
P3,9,1,5,1,4,0,0,0,0,0,2,1,1,12,0,38,0
P3,9,1,3,0,4,0,0,0,0,0,2,0,1,12,0,38,0
P3,9,1,3,0,4,0,0,0,0,0,2,0,1,12,0,38,0
P3,9,1,3,3,4,0,0,0,0,0,2,0,1,12,0,38,0
P3,9,1,3,1,4,0,0,0,0,0,2,0,1,12,0,38,0
P3,9,1,3,5,4,0,0,0,0,0,2,0,1,12,0,38,0
P3,9,1,3,0,4,0,0,0,0,0,2,0,1,12,0,38,0
P3,9,1,3,0,4,0,0,0,0,0,2,0,1,12,0,38,0
P3,9,1,3,0,4,0,0,0,0,0,2,0,1,12,0,38,0
P3,9,1,3,0,4,0,0,0,0,0,2,0,1,12,0,38,0
P3,9,1,3,0,4,0,0,0,0,0,2,0,1,12,0,38,0
P3,9,1,3,0,4,0,0,0,0,0,2,0,1,12,0,38,0
P3,9,1,3,0,4,0,0,0,0,0,2,0,1,12,0,38,0
P3,9,1,3,0,4,0,0,0,0,0,2,0,1,12,0,38,0
P3,9,1,3,1,4,0,0,0,0,0,2,0,1,12,0,38,0
P3,9,1,3,1,4,0,0,0,0,0,2,0,1,12,0,38,0
P3,9,1,3,0,4,0,0,0,0,0,2,0,1,12,0,38,0
P3,9,1,3,0,4,0,0,0,0,0,2,0,1,12,0,38,0
P3,9,1,3,0,4,0,0,0,0,0,2,0,1,12,0,38,0
P3,9,1,6,0,4,0,0,0,0,0,2,0,1,12,0,38,0
P3,9,1,3,7,4,0,0,0,0,0,2,0,1,12,0,38,0
P3,9,1,3,1,4,0,0,0,0,0,2,0,1,12,0,38,0
P3,10,1,3,0,4,0,0,0,0,0,2,0,1,12,0,38,0
P3,10,1,3,0,4,0,0,0,0,0,2,0,1,12,0,38,0
P3,10,1,3,1,4,0,0,0,0,0,2,0,1,12,0,38,0
P3,10,1,3,1,4,0,0,0,0,0,2,0,1,12,0,38,0
P3,10,1,3,0,4,0,0,0,0,0,2,0,1,12,0,38,0
P3,10,1,3,0,4,0,0,0,0,0,2,0,1,12,0,38,0
P3,10,1,3,0,4,0,0,0,0,0,2,0,1,12,0,38,0
P3,10,1,3,1,4,0,0,0,0,0,2,0,1,12,0,38,0
P3,10,1,3,0,4,0,0,0,0,0,2,0,1,12,0,38,0
P3,10,1,3,3,4,0,0,0,0,0,2,1,1,12,0,38,0
P3,10,1,1,7,4,0,0,0,0,0,2,0,1,12,0,38,0
P3,10,1,0,36,4,0,0,0,0,0,2,0,1,12,0,38,0
P3,10,1,0,10,4,0,0,0,0,0,2,0,1,12,0,38,0
P3,10,1,0,6,4,0,0,0,0,0,2,0,1,12,0,38,0
P3,10,1,0,0,4,0,0,0,0,0,2,0,1,12,0,38,0
P3,10,1,0,13,4,0,0,0,0,0,2,1,1,12,0,38,0
P3,10,1,3,24,4,0,0,0,0,0,2,1,1,12,0,38,0
P3,10,1,3,41,4,0,0,0,0,0,2,1,1,8,0,38,0
P3,10,1,3,0,4,0,0,0,0,0,2,1,1,8,0,38,0
P3,10,1,4,0,4,0,0,0,0,0,2,1,1,12,0,38,0
P3,10,1,4,11,4,0,0,0,0,0,2,1,1,12,0,38,0
P3,10,1,4,28,4,0,0,0,0,0,2,1,1,12,0,38,0
P3,10,1,3,88,4,0,0,0,0,0,2,1,1,12,0,38,0
P3,10,1,3,5,4,0,0,0,0,0,2,1,1,12,0,38,0
P3,10,1,3,66,4,0,0,0,0,0,2,1,1,12,0,38,0
P3,10,1,6,23,4,0,0,0,0,0,2,1,1,12,0,38,0
P3,10,1,4,142,4,0,0,0,0,0,2,1,1,12,0,38,0
P3,10,1,3,9,4,0,0,0,0,0,2,1,1,12,0,38,0
P3,10,1,4,1,4,0,0,0,0,0,2,0,1,12,0,38,0
P3,10,1,12,0,4,0,0,0,0,0,2,0,1,12,0,38,0
P3,10,1,12,5,4,0,0,0,0,0,2,0,1,12,0,38,0
P3,10,1,12,1,4,0,0,0,0,0,2,0,1,12,0,38,0
P3,10,1,12,112,4,0,0,0,0,0,2,1,1,12,0,38,0
P3,10,1,4,6,4,0,0,0,0,0,2,1,1,8,0,38,0
P3,10,1,3,0,4,0,0,0,0,0,2,1,1,8,0,38,0
P3,10,1,4,14,4,0,0,0,0,0,2,1,1,8,0,38,0
P3,10,1,4,95,4,0,0,0,0,0,2,1,1,12,0,38,0
P3,10,1,4,246,4,0,0,0,0,0,2,1,1,12,0,38,0
P3,10,1,4,13,4,0,0,0,0,0,2,1,1,12,0,38,0
P3,10,1,4,0,4,0,0,0,0,0,2,1,1,8,0,38,0
P3,10,1,4,26,4,0,0,0,0,0,2,1,1,8,0,38,0
P3,10,1,3,9,4,0,0,0,0,0,2,1,1,8,0,38,0
P3,10,1,2,2,4,0,0,0,0,0,2,1,1,8,0,38,0
P3,10,1,8,20,4,0,0,0,0,0,2,1,1,8,0,38,0
P3,10,1,5,0,4,0,0,0,0,0,2,1,1,8,0,38,0
P3,10,1,5,0,4,0,0,0,0,0,2,1,1,8,0,38,0
P3,10,1,4,3,3,1,0,0,0,0,2,1,1,8,0,38,0
P3,10,1,3,0,3,1,0,0,0,0,2,1,1,8,0,38,0
P3,10,1,2,0,3,1,0,0,0,0,2,1,1,8,0,38,0
P3,10,1,6,0,3,1,0,0,0,0,2,1,1,8,0,38,0
P3,10,1,4,0,3,1,0,0,0,0,2,1,1,8,0,38,0
P3,10,1,5,2,3,1,0,0,0,0,2,1,1,8,0,38,0
P3,10,1,4,0,4,1,0,0,0,0,2,1,1,8,0,38,0
P3,10,1,4,2,4,1,0,0,0,0,2,1,1,8,0,38,0
P3,10,1,3,0,4,1,0,0,0,0,2,1,1,12,0,38,0
P3,10,1,3,0,4,1,0,0,0,0,2,1,1,12,0,38,0
P3,10,1,4,1,4,1,0,1,0,0,2,1,1,12,0,38,0
P3,10,1,5,2,4,1,0,1,0,0,2,1,1,12,0,38,0
P3,10,1,5,0,4,1,0,0,0,0,2,1,1,43,0,38,0
P3,10,1,5,3,4,1,0,1,0,0,2,1,1,43,9,38,0
P3,10,1,4,1,4,1,0,1,0,0,2,1,1,43,9,38,0
P3,10,1,5,1,4,1,0,1,0,0,2,1,1,43,10,38,0
P3,10,1,2,2,4,1,0,1,0,0,2,1,1,43,10,38,0
P3,10,1,4,6,4,1,0,0,0,0,2,1,1,43,10,38,0
P3,10,1,2,2,4,1,0,0,0,0,2,1,1,8,0,38,0
P3,10,1,4,0,4,1,0,0,0,0,2,1,1,8,0,38,0
P3,10,1,3,0,4,1,0,0,0,0,2,1,1,8,0,38,0
P3,10,1,2,2,4,1,0,0,0,0,2,1,1,8,0,38,0
P3,10,1,3,0,4,1,0,0,0,0,2,1,1,8,0,38,0
P3,10,1,4,0,4,1,0,0,0,0,2,1,1,8,0,38,0
P3,10,1,5,0,4,1,0,0,0,0,2,1,1,8,0,38,0
P3,10,1,5,1,4,1,0,0,0,0,2,1,1,8,0,38,0
P3,10,1,5,4,4,1,0,0,0,0,2,1,1,8,0,38,0
P3,10,1,4,0,4,1,0,0,0,0,2,1,1,8,0,38,0
P3,10,1,5,0,4,1,0,0,0,0,2,1,1,8,0,38,0
P3,10,1,5,4,4,1,0,0,0,0,2,1,1,8,0,38,0
P3,10,1,5,2,4,1,0,0,0,0,2,1,1,8,0,38,0
P3,10,1,4,2,4,1,0,0,0,0,2,1,1,8,0,38,0
P3,10,1,4,0,4,1,0,0,0,0,2,1,1,8,0,38,0
P3,10,1,3,1,4,1,0,0,0,0,2,1,1,8,0,38,0
P3,10,1,5,5,4,1,0,0,0,0,2,1,1,2,0,38,0
P3,10,1,4,1,4,1,0,0,0,0,2,1,1,2,0,38,0
P3,10,1,4,5,4,1,0,0,0,0,2,1,1,2,0,38,0
P3,10,1,4,0,4,1,0,0,0,0,2,1,1,2,0,38,0
P3,10,1,5,46,4,1,0,0,0,0,2,1,1,2,0,38,0
P3,10,1,5,0,4,1,0,0,0,0,2,1,1,2,0,38,0
P3,10,1,5,3,4,1,0,0,0,0,2,1,1,8,0,38,0
P3,10,1,5,1,4,1,0,0,0,0,2,1,1,8,0,38,0
P3,10,1,3,2,4,1,0,0,0,0,2,1,1,2,0,38,0
P3,10,1,4,0,4,1,0,0,0,0,2,1,1,2,0,38,0
P3,10,1,5,3,4,1,0,0,0,0,2,1,1,2,0,38,0
P3,10,1,5,2,4,1,0,0,0,0,2,1,1,2,0,38,0
P3,10,1,4,2,4,1,0,0,0,0,2,1,1,2,0,38,0
P3,10,1,5,4,4,1,0,0,0,0,2,1,1,2,0,38,0
P3,10,1,5,4,4,1,0,0,0,0,2,1,1,2,0,38,0
P3,10,1,4,0,4,1,0,0,0,0,2,1,1,2,0,38,0
P3,10,1,5,1,4,1,0,0,0,0,2,1,1,2,0,38,0
P3,10,1,4,13,4,1,0,0,0,0,2,1,1,2,0,38,0
P3,10,1,5,18,4,1,0,0,0,0,2,1,1,2,0,38,0
P3,10,1,5,0,4,1,0,0,0,0,2,1,1,2,0,38,0
P3,10,1,5,2,4,1,0,0,0,0,2,1,1,2,0,38,0
P3,10,1,5,0,4,1,0,0,0,0,2,1,1,2,0,38,0
P3,10,1,4,0,4,1,0,0,0,0,2,1,1,2,0,38,0
P3,10,1,4,2,4,1,0,0,0,0,2,1,1,2,0,38,0
P3,10,1,4,2,4,1,0,0,0,0,2,1,1,2,0,38,0
P3,10,1,4,0,4,1,0,0,0,0,2,1,1,2,0,38,0
P3,10,1,4,0,4,1,0,0,0,0,2,1,1,2,0,38,0
P3,10,1,3,4,4,1,0,0,0,0,2,1,1,2,0,38,0
P3,10,1,4,0,4,1,0,0,0,0,2,1,1,2,0,38,0
P3,10,1,3,0,4,1,0,0,0,0,2,1,1,2,0,38,0
P3,10,1,1,13,4,1,0,0,0,0,2,1,1,2,0,38,0
P3,10,1,4,0,4,1,0,0,0,0,2,1,1,8,0,38,0
P3,10,1,5,2,4,1,0,0,0,0,2,1,1,8,0,38,0
P3,10,1,5,33,4,1,0,0,0,0,2,1,1,8,0,38,0
P3,10,1,3,0,4,1,0,0,0,0,2,1,1,8,0,38,0
P3,10,1,5,1,4,1,0,0,0,0,2,1,1,8,0,38,0
P3,10,1,4,14,4,1,0,0,0,0,2,1,1,8,0,38,0
P3,10,1,4,29,4,1,0,0,0,0,2,1,1,8,0,38,0
P3,10,1,4,56,4,1,0,0,0,0,2,1,1,8,0,38,0
P3,10,1,4,8,4,1,0,0,0,0,2,1,1,8,0,38,0
P3,10,1,4,0,4,1,0,0,0,0,2,1,1,8,0,38,0
P3,10,1,4,6,4,1,0,0,0,0,2,1,1,8,0,38,0
P3,10,1,4,11,4,1,0,0,0,0,2,1,1,8,0,38,0
P3,10,1,4,123,4,1,0,0,0,0,2,1,1,2,0,38,0
P3,10,1,4,5,4,1,0,0,0,0,2,1,1,2,0,38,0
P3,10,1,0,0,4,1,0,0,0,0,2,1,1,2,0,38,0
P3,10,1,4,1,4,1,0,0,0,0,2,1,1,2,0,38,0
P3,10,1,4,1,4,1,0,0,0,0,2,1,1,2,0,38,0
P3,10,1,4,1,4,1,0,0,0,0,2,1,1,2,0,38,0
P3,10,1,4,0,4,1,0,0,0,0,2,1,1,44,0,38,0
P3,10,1,1,86,4,1,0,0,0,0,2,1,1,44,0,38,0
P3,10,1,1,22,4,1,0,0,0,0,2,1,1,2,0,38,0
P3,10,1,4,2,4,1,0,0,0,0,2,1,1,45,0,38,0
P3,10,1,4,3,4,1,0,0,0,0,2,1,1,45,0,38,0
P3,10,1,4,4,4,1,0,0,0,0,2,1,1,45,0,38,0
P3,10,1,6,0,4,1,0,0,0,0,2,1,1,45,0,38,0
P3,10,1,4,2,4,1,0,0,0,0,2,1,1,45,0,38,0
P3,10,1,4,0,4,1,0,0,0,0,2,1,1,45,0,38,0
P3,10,1,4,15,4,1,0,0,0,0,2,1,1,45,0,38,0
P3,10,1,4,0,4,1,0,0,0,0,2,1,1,45,0,38,0
P3,10,1,5,4,4,1,0,0,0,0,2,1,1,45,0,38,0
P3,10,1,4,3,4,1,0,0,0,0,2,1,1,45,0,38,0
P3,10,1,3,13,4,1,0,0,0,0,2,1,1,45,0,38,0
P3,10,1,4,4,4,1,0,0,0,0,2,1,1,45,0,38,0
P3,10,1,5,8,4,1,0,0,0,0,2,1,1,45,0,38,0
P3,10,1,5,0,4,1,0,0,0,0,2,1,1,45,0,38,0
P3,10,1,5,0,4,1,0,0,0,0,2,1,1,45,0,38,0
P3,10,1,5,2,4,1,0,0,0,0,2,1,1,45,0,38,0
P3,10,1,5,2,4,1,0,0,0,0,2,1,1,45,0,38,0
P3,10,1,5,4,4,1,0,0,0,0,2,1,1,45,0,38,0
P3,10,1,5,0,4,1,0,0,0,0,2,1,1,45,0,38,0
P3,10,1,5,12,4,1,0,0,0,0,2,1,1,45,0,38,0
P3,10,1,5,11,4,1,0,0,0,0,2,1,1,45,0,38,0
P3,10,1,5,3,4,1,0,0,0,0,2,1,1,45,0,38,0
P3,10,1,5,53,4,1,0,0,0,0,2,1,1,45,0,38,0
P3,10,1,5,6,4,1,0,0,0,0,2,1,1,45,0,38,0
P3,10,1,5,0,4,1,0,0,0,0,2,1,1,45,0,38,0
P3,10,1,5,7,4,1,0,0,0,0,2,1,1,45,0,38,0
P3,10,1,5,1,4,1,0,0,0,0,2,1,1,45,0,38,0
P3,10,1,4,2,4,1,0,0,0,0,2,1,1,45,0,38,0
P3,10,1,4,0,4,1,0,0,0,0,2,1,1,45,0,38,0
P3,10,1,4,5,4,1,0,0,0,0,2,1,1,45,0,38,0
P3,10,1,5,0,4,1,0,0,0,0,2,1,1,8,0,38,0
P3,10,1,4,4,4,1,0,0,0,0,2,1,1,8,0,38,0
P3,10,1,5,1,4,1,0,0,0,0,2,1,1,8,0,38,0
P3,10,1,5,75,4,1,0,0,0,0,2,1,1,8,0,38,0
P3,10,1,5,0,4,1,0,0,0,0,2,1,1,8,0,38,0
P3,10,1,5,1,4,1,0,0,0,0,2,1,1,8,0,38,0
P3,10,1,5,14,4,1,0,0,0,0,2,1,1,8,0,38,0
P3,10,1,5,0,4,1,0,0,0,0,2,1,1,45,0,38,0
P3,10,1,5,0,4,1,0,0,0,0,2,1,1,45,0,38,0
P3,10,1,4,7,4,1,0,0,0,0,2,1,1,45,0,38,0
P3,10,1,5,5,4,1,0,0,0,0,2,1,1,45,0,38,0
P3,10,1,5,2,4,1,0,0,0,0,2,1,1,45,0,38,0
P3,10,1,5,0,4,1,0,0,0,0,2,1,1,45,0,38,0
P3,10,1,5,0,4,1,0,0,0,0,2,1,1,12,0,38,0
P3,10,1,4,35,4,1,0,0,0,0,2,1,1,12,0,38,0
P3,10,1,5,16,4,1,0,0,0,0,2,1,1,12,0,38,0
P3,10,1,4,6,4,1,0,0,0,0,2,1,1,12,0,38,0
P3,10,1,5,0,4,1,0,0,0,0,2,1,1,12,0,38,0
P3,10,1,5,11,4,1,0,0,0,0,2,1,1,45,0,38,0
P3,10,1,5,3,4,1,0,0,0,0,2,1,1,45,0,38,0
P3,10,1,5,5,4,1,0,0,0,0,2,1,1,45,0,38,0
P3,10,1,5,0,4,1,0,0,0,0,2,1,1,45,0,38,0
P3,10,1,5,0,4,1,0,0,0,0,2,1,1,45,0,38,0
P3,10,1,4,0,4,1,0,0,0,0,2,1,1,45,0,38,0
P3,10,1,4,0,4,1,0,0,0,0,2,1,1,45,0,38,0
P3,10,1,4,1,4,1,0,0,0,0,2,1,1,2,0,38,0
P3,10,1,4,0,4,1,0,0,0,0,2,1,1,2,0,38,0
P3,10,1,4,1,4,1,0,0,0,0,2,1,1,2,0,38,0
P3,10,1,4,0,4,1,0,0,0,0,2,1,1,2,0,38,0
P3,10,1,4,13,4,1,0,0,0,0,2,1,1,46,0,38,0
P3,10,1,5,1,4,1,0,0,0,0,2,1,1,46,0,38,0
P3,10,1,4,4,4,1,0,0,0,0,2,1,1,46,0,38,0
P3,10,1,4,6,4,1,0,0,0,0,2,1,1,46,0,38,0
P3,10,1,4,0,4,1,0,0,0,0,2,1,1,46,0,38,0
P3,10,1,5,0,4,1,0,0,0,0,2,1,1,46,0,38,0
P3,10,1,5,2,4,1,0,0,0,0,2,1,1,2,0,38,0
P3,10,1,2,0,4,1,0,0,0,0,2,1,1,45,0,38,0
P3,10,1,5,0,4,1,0,0,0,0,2,1,1,45,0,38,0
P3,10,1,5,3,4,1,0,0,0,0,2,1,1,45,0,38,0
P3,10,1,5,0,4,1,0,0,0,0,2,1,1,45,0,38,0
P3,10,1,5,0,4,1,0,0,0,0,2,1,1,45,0,38,0
P3,10,1,8,1,4,1,0,0,0,0,2,1,1,45,0,38,0
P3,10,1,5,6,4,1,0,0,0,0,2,1,1,2,0,38,0
P3,10,1,2,2,4,1,0,0,0,0,2,1,1,20,0,38,0
P3,10,1,4,2,4,1,0,0,0,0,2,1,1,20,0,38,0
P3,10,1,4,0,4,1,0,0,0,0,2,1,1,20,0,38,0
P3,10,1,4,6,4,1,0,0,0,0,2,1,1,20,0,38,0
P3,10,1,5,3,4,1,0,0,0,0,2,1,1,20,0,38,0
P3,10,1,5,1,4,1,0,0,0,0,2,1,1,20,0,38,0
P3,10,1,4,0,4,1,0,0,0,0,2,1,1,20,0,38,0
P3,10,1,4,6,4,1,0,0,0,0,2,1,1,20,0,38,0
P3,10,1,4,20,4,1,0,0,0,0,2,1,1,20,0,38,0
P3,10,1,4,3,4,1,0,0,0,0,2,1,1,20,0,38,0
P3,10,1,2,4,4,1,0,0,0,0,2,1,1,20,0,38,0
P3,10,1,5,0,4,1,0,0,0,0,2,1,1,20,0,38,0
P3,10,1,5,1,4,1,0,0,0,0,2,1,1,20,0,38,0
P3,10,1,5,0,4,1,0,0,0,0,2,1,1,20,0,38,0
P3,10,1,5,7,4,1,0,0,0,0,2,1,1,20,0,38,0
P3,10,1,5,3,4,1,0,0,0,0,2,1,1,8,0,38,0
P3,10,1,5,1,4,1,0,0,0,0,2,1,1,8,0,38,0
P3,10,1,4,1,4,1,0,0,0,0,2,1,1,2,0,38,0
P3,10,1,5,5,4,1,0,0,0,0,2,1,1,2,0,38,0
P3,10,1,5,5,4,1,0,0,0,0,2,1,1,2,0,38,0
P3,10,1,5,0,4,1,0,0,0,0,2,1,1,33,0,38,0
P3,10,1,4,1,4,1,0,0,0,0,2,1,1,2,0,38,0
P3,10,1,3,10,4,1,0,0,0,0,2,1,1,8,0,38,0
P3,10,1,4,4,4,1,0,0,0,0,2,1,1,8,0,38,0
P3,10,1,4,1,4,1,0,0,0,0,2,1,1,8,0,38,0
P3,10,1,4,2,4,1,0,0,0,0,2,1,1,8,0,38,0
P3,10,1,4,0,4,1,0,0,0,0,2,1,1,44,0,38,0
P3,10,1,8,2,4,1,0,0,0,0,2,1,1,44,0,38,0
P3,10,1,4,4,4,1,0,0,0,0,2,1,1,44,0,38,0
P3,10,1,5,0,4,1,0,0,0,0,2,1,1,44,0,38,0
P3,10,1,5,0,4,1,0,0,0,0,2,1,1,44,0,38,0
P3,10,1,1,0,4,1,0,0,0,0,2,1,1,44,0,38,0
P3,10,1,5,1,4,1,0,0,0,0,2,1,1,44,0,38,0
P3,10,1,5,0,4,1,0,0,0,0,2,1,1,44,0,38,0
P3,10,1,5,0,4,1,0,0,0,0,2,1,1,44,0,38,0
P3,10,1,5,0,4,1,0,0,0,0,2,1,1,44,0,38,0
P3,10,1,5,3,4,1,0,0,0,0,2,1,1,44,0,38,0
P3,10,1,5,3,4,1,0,0,0,0,2,1,1,44,0,38,0
P3,10,1,5,0,4,1,0,0,0,0,2,1,1,44,0,38,0
P3,10,1,5,1,4,1,0,0,0,0,2,1,1,44,0,38,0
P3,10,1,5,1,4,1,0,0,0,0,2,1,1,44,0,38,0
P3,10,1,5,1,4,1,0,0,0,0,2,1,1,33,0,38,0
P3,10,1,2,0,4,1,0,0,0,0,2,1,1,44,0,38,0
P3,10,1,5,4,4,1,0,0,0,0,2,1,1,44,0,38,0
P3,10,1,5,7,4,1,0,0,0,0,2,1,1,44,0,38,0
P3,10,1,3,3,4,1,0,0,0,0,2,1,1,44,0,38,0
P3,10,1,5,5,4,1,0,0,0,0,2,1,1,44,0,38,0
P3,10,1,5,0,4,1,0,0,0,0,2,1,1,2,0,38,0
P3,10,1,3,6,4,1,0,0,0,0,2,1,1,28,0,38,0
P3,10,1,5,11,4,1,0,0,0,0,2,1,1,28,0,38,0
P3,10,1,4,4,4,1,0,0,0,0,2,1,1,28,0,38,0
P3,10,1,4,23,4,1,0,0,0,0,2,1,1,47,0,38,0
P3,10,1,4,0,4,1,0,0,0,0,2,1,1,47,0,38,0
P3,10,1,4,3,4,1,0,0,0,0,2,1,1,47,0,38,0
P3,10,1,3,6,4,1,0,0,0,0,2,1,1,47,0,38,0
P3,10,1,4,1,4,1,0,0,0,0,2,1,1,47,0,38,0
P3,10,1,4,2,4,1,0,0,0,0,2,1,1,47,0,38,0
P3,10,1,3,3,4,1,0,0,0,0,2,1,1,47,0,38,0
P3,10,1,3,0,5,1,0,0,0,0,2,1,1,47,0,38,0
P3,10,1,3,0,5,1,0,0,0,0,2,1,1,28,0,38,0
P3,10,1,5,19,5,1,0,0,0,0,2,1,1,28,0,38,0
P3,10,1,2,6,5,1,0,0,0,0,2,1,1,28,0,38,0
P3,10,1,3,2,5,1,0,0,0,0,2,1,1,28,0,38,0
P3,10,1,5,0,5,1,0,0,0,0,2,1,1,2,0,38,0
P3,10,1,4,2,5,1,0,0,0,0,2,1,1,48,0,38,0
P3,10,1,3,1,5,1,0,0,0,0,2,1,1,48,0,38,0
P3,10,1,4,0,5,1,0,0,0,0,2,1,1,48,0,38,0
P3,10,1,3,4,5,1,0,0,0,0,2,1,1,48,0,38,0
P3,10,1,3,10,5,1,0,0,0,0,2,1,1,48,0,38,0
P3,10,1,3,1,5,1,0,0,0,0,2,1,1,48,0,38,0
P3,10,1,3,43,5,1,0,0,0,0,2,1,1,48,0,38,0
P3,10,1,2,2,5,1,0,0,0,0,2,1,1,28,0,38,0
P3,10,1,3,0,5,1,0,0,0,0,2,1,1,44,0,38,0
P3,10,1,4,12,5,1,0,0,0,0,2,1,1,44,0,38,0
P3,10,1,3,2,5,1,0,0,0,0,2,1,1,44,0,38,0
P3,10,1,3,1,5,1,0,0,0,0,2,1,1,44,0,38,0
P3,10,1,4,3,5,1,0,0,0,0,2,0,1,44,0,38,0
P3,10,1,4,0,5,1,0,0,0,0,2,0,1,44,0,38,0
P3,10,1,4,3,5,1,0,0,0,0,2,0,1,44,0,38,0
P3,10,1,4,4,5,1,0,0,0,0,2,0,1,44,0,38,0
P3,10,1,4,46,5,1,0,0,0,0,2,1,1,8,0,38,0
P3,10,1,2,0,5,1,0,0,0,0,2,1,1,8,0,38,0
P3,10,1,3,0,5,1,0,0,0,0,2,1,1,8,0,38,0
P3,10,1,4,5,5,1,0,0,0,0,2,1,1,8,0,38,0
P3,10,1,4,9,5,1,0,0,0,0,2,1,1,44,0,38,0
P3,10,1,5,7,5,1,0,0,0,0,2,1,1,44,0,38,0
P3,10,1,5,0,5,1,0,0,0,0,2,1,1,8,0,38,0
P3,10,1,2,0,5,1,0,0,0,0,2,1,1,8,0,38,0
P3,10,1,3,1,5,1,0,0,0,0,2,1,1,2,0,38,0
P3,10,1,5,0,5,1,0,0,0,0,2,1,1,2,0,38,0
P3,10,1,5,9,5,1,0,0,0,0,2,1,1,2,0,38,0
P3,10,1,5,9,5,1,0,0,0,0,2,1,1,2,0,38,0
P3,10,1,5,25,5,1,0,0,0,0,2,1,1,2,0,38,0
P3,10,1,5,0,5,1,0,0,0,0,2,1,1,2,0,38,0
P3,10,1,5,2,5,1,0,0,0,0,2,1,1,2,0,38,0
P3,10,1,5,7,5,1,0,0,0,0,2,1,1,2,0,38,0
P3,10,1,5,0,5,1,0,0,0,0,2,1,1,2,0,38,0
P3,10,1,5,0,5,1,0,0,0,0,2,1,1,2,0,38,0
P3,10,1,5,10,5,1,0,0,0,0,2,1,1,44,0,38,0
P3,10,1,5,6,5,1,0,0,0,0,2,1,1,44,0,38,0
P3,10,1,4,14,5,1,0,0,0,0,2,1,1,44,0,38,0
P3,10,1,3,12,5,1,0,0,0,0,2,1,1,44,0,38,0
P3,10,1,3,0,5,1,0,0,0,0,1,1,1,44,0,38,0
P3,10,1,3,2,5,1,0,0,0,0,1,1,1,44,0,38,0
P3,10,1,4,5,5,1,0,0,0,0,1,1,1,44,0,38,0
P3,10,1,4,0,5,1,0,0,0,0,1,1,1,44,0,38,0
P3,10,1,4,0,5,1,0,0,0,0,1,1,1,44,0,38,0
P3,10,1,5,2,5,1,0,0,0,0,1,1,1,2,0,38,0
P3,10,1,4,0,5,1,0,0,0,0,1,1,1,46,0,38,0
P3,10,1,4,3,5,1,0,0,0,0,1,1,1,46,0,38,0
P3,10,1,6,0,5,1,0,0,0,0,1,1,1,46,0,38,0
P3,10,1,4,0,5,1,0,0,0,0,1,1,1,46,0,38,0
P3,10,1,5,0,5,1,0,0,0,0,1,1,1,8,0,38,0
P3,10,1,1,0,5,1,0,0,0,0,1,1,1,2,0,38,0
P3,10,1,5,5,5,1,0,0,0,0,1,1,1,2,0,38,0
P3,10,1,5,6,5,1,0,0,0,0,1,1,1,44,0,38,0
P3,10,1,4,1,5,1,0,0,0,0,1,1,1,44,0,38,0
P3,10,1,2,4,5,1,0,0,0,0,1,1,1,2,0,38,0
P3,10,1,1,0,5,1,0,0,0,0,1,1,1,28,0,38,0
P3,10,1,4,5,5,1,0,0,0,0,1,1,1,28,0,38,0
P3,10,1,4,1,5,1,0,0,0,0,1,1,1,28,0,38,0
P3,10,1,4,4,5,1,0,0,0,0,1,1,1,45,0,38,0
P3,10,1,4,13,5,1,0,0,0,0,1,1,1,45,0,38,0
P3,10,1,4,4,5,1,0,0,0,0,1,1,1,45,0,38,0
P3,10,1,4,6,5,1,0,0,0,0,1,1,1,45,0,38,0
P3,10,1,4,1,5,1,0,0,0,0,1,1,1,2,0,38,0
P3,10,1,4,0,5,1,0,0,0,0,1,1,1,46,0,38,0
P3,10,1,5,0,5,1,0,0,0,0,1,1,1,46,0,38,0
P3,10,1,8,93,5,1,0,0,0,0,1,1,1,46,0,38,0
P3,10,1,4,0,5,1,0,0,0,0,1,1,1,45,0,38,0
P3,10,1,4,1,5,1,0,0,0,0,1,1,1,45,0,38,0
P3,10,1,4,1,5,1,0,0,0,0,1,1,1,45,0,38,0
P3,10,1,4,11,5,1,0,0,0,0,1,1,1,45,0,38,0
P3,10,1,4,1,5,1,0,0,0,0,1,1,1,45,0,38,0
P3,10,1,4,0,5,1,0,0,0,0,1,1,1,2,0,38,0
P3,10,1,4,2,5,1,0,0,0,0,1,1,1,28,0,38,0
P3,10,1,4,3,5,1,0,0,0,0,1,1,1,28,0,38,0
P3,10,1,5,1,5,1,0,0,0,0,1,1,1,28,0,38,0
P3,10,1,4,0,5,1,0,0,0,0,1,1,1,28,0,38,0
P3,10,1,4,2,5,1,0,0,0,0,1,1,1,28,0,38,0
P3,10,1,4,3,5,1,0,0,0,0,1,1,1,28,0,38,0
P3,10,1,4,2,5,1,0,0,0,0,1,1,1,28,0,38,0
D15,10,1,4,3,5,1,0,0,0,0,2,1,1,28,0,38,0
P3,10,1,4,6,5,1,0,0,0,0,2,1,1,28,0,38,0
P3,10,1,4,5,5,1,0,0,0,0,2,1,1,28,0,38,0
P3,10,1,4,5,5,1,0,0,0,0,2,1,1,28,0,38,0
P3,10,1,4,35,5,1,0,0,0,0,2,1,1,44,0,38,0
P3,10,1,4,0,5,1,0,0,0,0,2,1,1,44,0,38,0
P3,10,1,4,2,5,1,0,0,0,0,2,1,1,44,0,38,0
P3,10,1,5,0,5,1,0,0,0,0,2,1,1,44,0,38,0
P3,10,1,5,0,5,1,0,0,0,0,2,1,1,44,0,38,0
P3,10,1,5,2,5,1,0,0,0,0,2,1,1,44,0,38,0
P3,10,1,5,6,5,1,0,0,0,0,2,1,1,44,0,38,0
P3,10,1,4,1,5,1,0,0,0,0,2,1,1,44,0,38,0
P3,10,1,5,0,5,1,0,0,0,0,2,1,1,44,0,38,0
P3,10,1,4,6,5,1,0,0,0,0,2,1,1,44,0,38,0
P3,10,1,4,5,5,1,0,0,0,0,2,1,1,44,0,38,0
P3,10,1,5,2,5,1,0,0,0,0,2,1,1,44,0,38,0
P3,10,1,5,0,5,1,0,0,0,0,2,1,1,44,0,38,0
P3,10,1,4,0,5,1,0,0,0,0,2,1,1,8,0,38,0
P3,10,1,4,1,5,1,0,0,0,0,2,1,1,8,0,38,0
P3,10,1,4,6,5,1,0,0,0,0,2,1,1,44,0,38,0
P3,10,1,4,3,5,1,0,0,0,0,2,1,1,44,0,38,0
P3,10,1,4,0,5,1,0,0,0,0,2,1,1,44,0,38,0
P3,10,1,4,1,5,1,0,0,0,0,2,1,1,17,0,38,0
P3,10,1,6,2,5,1,0,0,0,0,2,1,1,17,0,38,0
P3,10,1,5,3,5,1,0,0,0,0,2,1,1,17,0,38,0
P3,10,1,5,0,5,1,0,0,0,0,2,1,1,17,0,38,0
P3,10,1,4,0,5,1,0,0,0,0,2,1,1,17,0,38,0
P3,10,1,6,2,5,1,0,0,0,0,2,1,1,17,0,38,0
P3,10,1,4,0,5,1,0,0,0,0,2,1,1,44,0,38,0
P3,10,1,4,0,5,1,0,0,0,0,2,1,1,44,0,38,0
P3,10,1,4,0,5,1,0,0,0,0,2,1,1,2,0,38,0
P3,10,1,4,3,5,1,0,0,0,0,2,1,1,45,0,38,0
P3,10,1,4,1,5,1,0,0,0,0,2,1,1,45,0,38,0
P3,10,1,4,0,5,1,0,0,0,0,2,1,1,45,0,38,0
P3,10,1,4,0,5,1,0,0,0,0,2,1,1,45,0,38,0
P3,10,1,4,2,5,1,0,0,0,0,2,1,1,45,0,38,0
P3,10,1,4,3,5,1,0,0,0,0,2,1,1,45,0,38,0
P3,10,1,4,0,5,1,0,0,0,0,2,1,1,45,0,38,0
P3,10,1,4,3,5,1,0,0,0,0,2,1,1,45,0,38,0
P3,10,1,4,1,5,1,0,0,0,0,2,1,1,45,0,38,0
P3,10,1,4,0,5,1,0,0,0,0,2,1,1,45,0,38,0
P3,10,1,3,4,5,1,0,0,0,0,2,1,1,45,0,38,0
P3,10,1,3,4,5,1,0,0,0,0,2,1,1,45,0,38,0
P3,10,1,3,3,5,1,0,0,0,0,2,1,1,45,0,38,0
P3,10,1,3,0,5,1,0,0,0,0,2,1,1,45,0,38,0
P3,10,1,3,0,5,1,0,0,0,0,2,1,1,8,0,38,0
P3,10,1,2,0,5,1,0,0,0,0,2,1,1,8,0,38,0
P3,10,1,2,1,5,1,0,0,0,0,2,1,1,8,0,38,0
P3,10,1,2,3,5,1,0,0,0,0,2,1,1,8,0,38,0
P3,10,1,4,0,5,1,0,0,0,0,2,1,1,8,0,38,0
P3,10,1,1,0,5,1,0,0,0,0,2,1,1,8,0,38,0
P3,10,1,4,0,5,1,0,0,0,0,2,1,1,8,0,38,0
P3,10,1,5,1,5,1,0,0,0,0,2,1,1,8,0,38,0
P3,10,1,5,0,5,1,0,0,0,0,2,1,1,45,0,38,0
P3,10,1,0,2,5,1,0,0,0,0,2,1,1,2,0,38,0
P3,10,1,4,0,5,1,0,0,0,0,2,1,1,2,0,38,0
P3,10,1,4,3,5,1,0,0,0,0,2,1,1,28,0,38,0
P3,10,1,5,0,5,1,0,0,0,0,2,1,1,28,0,38,0
P3,10,1,4,0,5,1,0,0,0,0,2,1,1,28,0,38,0
P3,10,1,4,5,5,1,0,0,0,0,2,1,1,28,0,38,0
P3,10,1,4,0,5,1,0,0,0,0,2,1,1,28,0,38,0
P3,10,1,4,0,5,1,0,0,0,0,2,1,1,28,0,38,0
P3,10,1,1,0,5,1,0,0,0,0,2,1,1,28,0,38,0
P3,10,1,4,1,5,1,0,0,0,0,2,1,1,28,0,38,0
P3,10,1,2,4,5,1,0,0,0,0,2,1,1,49,0,38,0
P3,10,1,4,2,5,1,0,0,0,0,2,1,1,49,0,38,0
P3,10,1,4,0,5,1,0,0,0,0,2,1,1,49,0,38,0
P3,10,1,4,3,5,1,0,0,0,0,2,1,1,49,0,38,0
P3,10,1,4,0,5,1,0,0,0,0,2,1,1,49,0,38,0
P3,10,1,4,17,5,1,0,0,0,0,2,1,1,49,0,38,0
P3,10,1,5,14,5,1,0,0,0,0,2,1,1,49,0,38,0
P3,10,1,5,13,5,1,0,0,0,0,2,1,1,49,0,38,0
P3,10,1,5,4,5,1,0,0,0,0,2,1,1,49,0,38,0
P3,10,1,4,1,5,1,0,0,0,0,2,1,1,49,0,38,0
P3,10,1,5,1,5,1,0,0,0,0,2,1,1,28,0,38,0
P3,10,1,4,0,5,1,0,0,0,0,2,1,1,28,0,38,0
P3,10,1,4,2,5,1,0,0,0,0,2,1,1,28,0,38,0
P3,10,1,4,0,5,1,0,0,0,0,2,1,1,28,0,38,0
P3,10,1,4,0,5,1,0,0,0,0,2,1,1,28,0,38,0
P3,10,1,4,0,5,1,0,0,0,0,2,1,1,28,0,38,0
P3,10,1,4,0,5,1,0,0,0,0,2,1,1,8,0,38,0
P3,10,1,5,3,5,1,0,0,0,0,2,1,1,50,0,38,0
P3,10,1,4,0,5,1,0,0,0,0,2,1,1,50,0,38,0
P3,10,1,5,0,5,1,0,0,0,0,2,1,1,50,0,38,0
P3,10,1,5,0,5,1,0,0,0,0,2,1,1,50,0,38,0
P3,10,1,5,1,5,1,0,0,0,0,2,1,1,50,0,38,0
P3,10,1,4,7,5,1,0,0,0,0,2,1,1,50,0,38,0
P3,10,1,4,0,5,1,0,0,0,0,2,1,1,50,0,38,0
P3,10,1,4,1,5,1,0,0,0,0,2,1,1,8,0,38,0
P3,10,1,4,2,5,1,0,0,0,0,2,1,1,50,0,38,0
P3,10,1,4,0,5,1,0,0,0,0,2,1,1,50,0,38,0
P3,10,1,4,2,5,1,0,0,0,0,2,1,1,50,0,38,0
P3,10,1,4,0,5,1,0,0,0,0,2,1,1,50,0,38,0
P3,10,1,4,0,5,1,0,0,0,0,2,1,1,50,0,38,0
P3,10,1,4,4,5,1,0,0,0,0,2,1,1,28,0,38,0
P3,10,1,4,0,5,1,0,0,0,0,2,1,1,28,0,38,0
P3,10,1,4,2,5,1,0,0,0,0,2,1,1,28,0,38,0
P3,10,1,4,0,5,1,0,0,0,0,2,1,1,51,0,38,0
P3,10,1,1,1,5,1,0,0,0,0,2,1,1,51,0,38,0
P3,10,1,4,3,5,1,0,0,0,0,2,1,1,51,0,38,0
P3,10,1,4,1,5,1,0,0,0,0,2,1,1,51,0,38,0
P3,10,1,5,0,5,1,0,0,0,0,2,1,1,51,0,38,0
P3,10,1,5,14,6,1,0,0,0,0,2,1,1,51,0,38,0
P3,10,1,4,0,6,1,0,0,0,0,2,1,1,51,0,38,0
P3,10,1,4,0,6,1,0,0,0,0,2,1,1,51,0,38,0
P3,10,1,5,3,6,1,0,0,0,0,2,1,1,51,0,38,0
P3,10,1,4,1,6,1,0,0,0,0,2,1,1,28,0,38,0
P3,10,1,1,2,6,1,0,0,0,0,2,1,1,28,0,38,0
P3,10,1,4,0,6,1,0,0,0,0,2,1,1,28,0,38,0
P3,10,1,4,0,6,1,0,0,0,0,2,1,1,28,0,38,0
P3,10,1,4,0,6,1,0,0,0,0,2,1,1,28,0,38,0
P3,10,1,1,2,6,1,0,0,0,0,2,1,1,28,0,38,0
P3,10,1,5,0,6,1,0,0,0,0,2,1,1,28,0,38,0
P3,10,1,4,0,6,1,0,0,0,0,2,1,1,28,0,38,0
P3,10,1,4,1,6,1,0,0,0,0,2,1,1,8,0,38,0
P3,10,1,6,0,6,1,0,0,0,0,2,1,1,8,0,38,0
P3,10,1,6,0,6,1,0,0,0,0,2,1,1,8,0,38,0
P3,10,1,6,0,6,1,0,0,0,0,2,1,1,8,0,38,0
P3,10,1,6,0,6,0,0,0,0,0,2,1,1,28,0,38,0
P3,10,1,5,0,6,0,0,0,0,0,2,1,1,28,0,38,0
P3,10,1,1,1,6,0,0,0,0,0,2,1,1,28,0,38,0
P3,10,1,15,0,6,0,0,0,0,0,2,1,1,44,0,38,0
P3,10,1,4,1,6,0,0,0,0,0,2,1,1,44,0,38,0
P3,10,1,4,1,6,0,0,0,0,0,2,1,1,44,0,38,0
P3,10,1,6,2,6,0,0,0,0,0,2,1,1,44,0,38,0
P3,10,1,5,0,6,0,0,0,0,0,2,1,1,44,0,38,0
P3,10,1,5,0,6,0,0,0,0,0,2,1,1,44,0,38,0
P3,10,1,5,0,6,0,0,0,0,0,2,1,1,44,0,38,0
P3,10,1,4,2,6,0,0,0,0,0,2,1,1,44,0,38,0
P3,10,1,4,11,6,0,0,0,0,0,2,1,1,44,0,38,0
P3,10,1,3,2,6,0,0,0,0,0,2,1,1,15,0,38,0
P3,10,1,2,0,6,0,0,0,0,0,2,1,1,15,0,38,0
P3,10,1,2,1,6,0,0,0,0,0,2,1,1,15,0,38,0
P3,10,1,3,3,6,0,0,0,0,0,2,1,1,15,0,38,0
P3,10,1,2,2,6,0,0,0,0,0,2,1,1,8,0,38,0
P3,10,1,3,0,6,0,0,0,0,0,2,1,1,8,0,38,0
P3,10,1,4,0,6,0,0,0,0,0,2,0,1,2,0,38,0
P3,10,1,0,9,6,0,0,0,0,0,2,0,1,2,0,38,0
P3,10,1,0,1,6,0,0,0,0,0,2,0,1,2,0,38,0
P3,10,1,0,1,6,0,0,0,0,0,2,0,1,2,0,38,0
P3,10,1,0,0,6,0,0,0,0,0,2,0,1,2,0,38,0
P3,10,1,0,2,6,0,0,0,0,0,2,0,1,2,0,38,0
P3,10,1,0,1,6,0,0,0,0,0,2,0,1,2,0,38,0
P3,10,1,0,0,6,0,0,0,0,0,2,0,1,2,0,38,0
P3,10,1,0,0,6,0,0,0,0,0,2,0,1,2,0,38,0
P3,10,1,0,1,6,0,0,0,0,0,2,1,1,2,0,38,0
P3,10,1,1,1,6,0,0,0,0,0,2,1,1,2,0,38,0
P3,10,1,1,3,6,0,0,0,0,0,2,1,1,44,0,38,0
P3,10,1,4,0,6,0,0,0,0,0,2,1,1,44,0,38,0
P3,10,1,3,0,6,0,0,0,0,0,2,1,1,44,0,38,0
P3,10,1,5,2,6,0,0,0,0,0,2,1,1,44,0,38,0
P3,10,1,5,0,6,0,0,0,0,0,2,1,1,44,0,38,0
P3,10,1,5,0,6,0,0,0,0,0,2,1,1,44,0,38,0
P3,10,1,5,2,6,0,0,0,0,0,2,1,1,44,0,38,0
P3,10,1,4,4,6,0,0,0,0,0,2,1,1,44,0,38,0
P3,10,1,5,2,6,0,0,0,0,0,2,1,1,44,0,38,0
P3,10,1,5,0,6,0,0,0,0,0,2,1,1,44,0,38,0
P3,10,1,5,1,6,0,0,0,0,0,2,1,1,44,0,38,0
P3,10,1,5,1,6,0,0,0,0,0,2,1,1,44,0,38,0
P3,10,1,14,0,6,0,0,0,0,0,2,1,1,2,0,38,0
P3,10,1,2,0,6,0,0,0,0,0,2,1,1,2,0,38,0
P3,10,1,2,1,6,0,0,0,0,0,2,1,1,9,0,18,0
P3,10,1,2,3,6,0,0,1,0,0,2,1,1,9,9,18,0
P3,10,1,2,3,6,0,0,1,0,0,2,1,1,9,9,18,0
P3,10,1,4,6,6,0,0,1,0,0,2,1,1,9,9,18,0
P3,10,1,4,0,6,0,0,1,0,0,2,1,1,9,9,18,0
P3,10,1,4,1,6,0,0,1,0,0,2,1,1,9,9,18,0
P3,10,1,4,1,6,0,0,1,0,0,2,1,1,9,9,18,0
P3,10,1,4,9,6,0,0,1,0,0,2,1,1,9,9,18,0
P3,10,1,4,0,6,0,0,1,0,0,2,1,1,9,9,18,0
P3,10,1,4,0,6,0,0,1,0,0,2,1,1,9,9,18,0
P3,10,1,4,3,6,0,0,1,0,0,2,1,1,9,9,18,0
P3,10,1,4,20,6,0,0,1,0,0,2,1,1,9,9,18,0
P3,10,1,4,0,6,0,0,1,0,0,2,1,1,9,9,18,0
P3,10,1,1,4,6,0,0,1,0,0,2,1,1,9,9,18,0
P3,10,1,1,0,6,0,0,1,0,0,2,1,1,9,9,18,0
P3,10,1,4,8,6,0,0,1,0,0,2,1,1,9,9,18,0
P3,10,1,4,5,6,0,0,1,0,0,2,1,1,9,9,18,0
P3,10,1,4,3,6,0,0,1,0,0,2,1,1,9,9,18,0
P3,10,1,2,0,6,0,0,1,0,0,2,1,1,9,9,18,0
P3,10,1,2,2,6,0,0,1,0,0,2,1,1,9,9,18,0
P3,10,1,4,3,5,0,0,1,0,0,2,1,1,9,9,18,0
P3,10,1,4,0,5,0,0,1,0,0,2,1,1,9,9,18,0
P3,10,1,4,10,5,0,0,1,0,0,2,1,1,9,9,18,0
P3,10,1,4,0,5,0,0,1,0,0,2,1,1,9,9,18,0
P3,10,1,2,2,5,0,0,1,0,0,2,1,1,9,9,18,0
P3,10,1,4,7,5,0,0,1,0,0,2,1,1,9,9,18,0
P3,10,1,4,0,5,0,0,1,0,0,2,1,1,9,9,18,0
P3,10,1,4,5,5,0,0,1,0,0,2,1,1,9,9,18,0
P3,10,1,4,1,5,0,0,1,0,0,2,1,1,9,9,18,0
P3,10,1,4,0,5,0,0,1,0,0,2,1,1,9,9,18,0
P3,10,1,3,8,5,0,0,0,0,0,2,1,1,9,9,18,0
P3,10,1,2,3,5,0,0,0,0,0,2,1,1,9,9,18,0
P3,10,1,3,14,5,0,0,0,0,0,2,1,1,9,9,18,0
P3,10,1,2,3,5,0,0,0,0,0,2,1,1,9,9,18,0
P3,10,1,4,0,5,0,0,0,0,0,2,1,1,9,9,18,0
P3,10,1,4,0,5,0,0,0,0,0,2,1,1,9,9,18,0
P3,10,1,4,2,5,0,0,1,0,0,2,1,1,9,9,18,0
P3,10,1,4,9,5,0,0,1,0,0,2,1,1,9,9,18,0
P3,10,1,4,18,5,0,0,1,0,0,2,1,1,9,9,18,0
P3,10,1,4,0,5,0,0,1,0,0,2,1,1,9,9,18,0
P3,10,1,2,1,5,0,0,1,0,0,2,1,1,9,9,18,0
P3,10,1,1,0,5,0,0,0,0,0,2,1,1,8,9,18,0
P3,10,1,4,7,5,0,0,1,0,0,2,1,1,9,9,18,0
P3,10,1,4,5,5,0,0,0,0,0,2,1,1,8,9,18,0
P3,10,1,2,0,5,0,0,0,0,0,2,1,1,8,9,18,0
P3,10,1,2,0,5,0,0,0,0,0,2,1,1,8,9,18,0
P3,10,1,2,0,5,0,0,0,0,0,2,1,1,8,9,18,0
P3,10,1,4,0,5,0,0,0,0,0,2,1,1,8,9,18,0
P3,10,1,2,0,5,0,0,0,0,0,2,1,1,8,9,18,0
P3,10,1,2,2,5,0,0,0,0,0,2,1,1,8,9,18,0
P3,10,1,4,56,5,0,0,1,0,0,2,1,1,9,9,18,0
P3,10,1,5,0,5,0,0,1,0,0,2,1,1,9,9,18,0
P3,10,1,4,1,5,0,0,1,0,0,2,1,1,9,9,18,0
P3,10,1,4,5,5,0,0,1,0,0,2,1,1,9,9,18,0
P3,10,1,4,0,5,0,0,0,0,0,2,1,1,8,9,18,0
P3,10,1,2,0,5,0,0,0,0,0,2,1,1,8,9,18,0
P3,10,1,2,1,5,0,0,0,0,0,2,1,1,8,9,18,0
P3,10,1,2,6,5,0,0,0,0,0,2,1,1,8,9,18,0
P3,10,1,2,0,5,0,0,1,0,0,2,1,1,9,9,18,0
P3,10,1,2,5,5,0,0,1,0,0,2,1,1,9,9,18,0
P3,10,1,4,6,5,0,0,1,0,0,2,1,1,9,9,18,0
P3,10,1,4,2,5,0,0,1,0,0,2,1,1,9,9,18,0
P3,10,1,4,0,5,0,0,1,0,0,2,1,1,9,9,18,0
P3,10,1,4,0,5,0,0,1,0,0,2,1,1,9,9,18,0
P3,10,1,4,0,5,0,0,1,0,0,2,1,1,9,14,18,0
P3,10,1,2,1,5,0,0,1,0,0,2,1,1,9,14,18,0
P3,10,1,4,0,5,0,0,1,0,0,2,1,1,9,14,18,0
P3,10,1,5,0,5,0,0,1,0,0,2,1,1,9,14,18,0
P3,10,1,2,11,5,0,0,1,0,0,2,1,1,9,14,18,0
P3,10,1,2,0,5,0,0,1,0,0,2,1,1,9,14,18,0
P3,10,1,5,5,5,0,0,1,0,0,2,1,1,9,14,18,0
P3,10,1,5,1,5,0,0,1,0,0,2,1,1,9,14,18,0
P3,10,1,5,10,5,0,0,1,0,0,2,1,1,9,14,18,0
P3,10,1,4,0,5,0,0,0,0,0,2,1,1,2,14,18,0
P3,10,1,5,54,5,0,0,0,0,0,2,1,1,2,14,18,0
P3,10,1,5,0,5,0,0,0,0,0,2,1,1,2,14,18,0
P3,10,1,4,0,5,0,0,0,0,0,2,1,1,2,14,18,0
P3,10,1,5,0,5,0,0,0,0,0,2,1,1,2,14,18,0
P3,10,1,5,1,5,0,0,0,0,0,2,1,1,2,14,18,0
P3,10,1,5,1,5,0,0,0,0,0,2,1,1,2,14,18,0
P3,10,1,4,1,5,0,0,0,0,0,2,1,1,2,14,18,0
P3,10,1,4,0,5,0,0,0,0,0,2,1,1,8,14,18,0
P3,10,1,4,1,5,0,0,0,0,0,2,1,1,8,14,18,0
P3,10,1,4,42,5,0,0,0,0,0,2,1,1,8,14,18,0
P3,10,1,1,0,5,0,0,0,0,0,2,1,1,8,14,18,0
P3,10,1,1,16,5,0,0,0,0,0,2,1,1,4,14,18,0
P3,10,1,3,0,5,0,0,0,0,0,2,1,1,4,14,18,0
P3,10,1,5,0,5,0,0,0,0,0,2,1,1,2,14,18,0
P3,10,1,5,0,5,0,0,0,0,0,2,1,1,52,14,18,0
P3,10,1,5,0,5,0,0,0,0,0,2,1,1,52,14,18,0
P3,10,1,5,32,5,0,0,0,0,0,2,1,1,52,14,18,0
P3,10,1,5,3,5,0,0,0,0,0,2,1,1,52,14,18,0
P3,10,1,5,0,5,0,0,0,0,0,2,1,1,52,14,18,0
P3,10,1,4,0,5,0,0,0,0,0,2,1,1,52,14,18,0
P3,10,1,4,38,5,0,0,0,0,0,2,1,1,52,14,18,0
P3,10,1,5,0,5,0,0,0,0,0,2,1,1,52,14,18,0
P3,10,1,4,1,5,0,0,0,0,0,2,1,1,52,14,18,0
P3,10,1,5,0,5,0,0,0,0,0,2,1,1,52,14,18,0
P3,10,1,4,6,5,0,0,0,0,0,2,1,1,52,14,18,0
P3,10,1,5,3,5,0,0,0,0,0,2,1,1,52,14,18,0
P3,10,1,5,0,5,0,0,0,0,0,2,1,1,52,14,18,0
P3,10,1,5,8,5,0,0,0,0,0,2,1,1,52,14,18,0
P3,10,1,5,2,5,0,0,0,0,0,2,1,1,52,14,18,0
P3,10,1,5,1,5,0,0,0,0,0,2,1,1,52,14,18,0
P3,10,1,5,1,5,0,0,0,0,0,2,1,1,52,14,18,0
P3,10,1,5,0,5,0,0,0,0,0,2,1,1,8,14,18,0
P3,10,1,4,1,5,0,0,0,0,0,2,1,1,8,14,18,0
P3,10,1,4,0,5,0,0,0,0,0,2,1,1,8,14,18,0
P3,10,1,4,0,5,0,0,0,0,0,2,1,1,8,14,18,0
P3,10,1,2,3,5,0,0,0,0,0,2,1,1,8,14,18,0
P3,10,1,4,6,5,0,0,0,0,0,2,1,1,8,14,18,0
P3,10,1,4,2,5,0,0,0,0,0,2,1,1,8,14,18,0
P3,10,1,4,2,5,0,0,0,0,0,2,1,1,8,14,18,0
P3,10,1,4,0,5,0,0,0,0,0,2,1,1,2,14,18,0
P3,10,1,4,2,5,0,0,0,0,0,2,1,1,2,14,18,0
P3,10,1,5,39,5,0,0,0,0,0,2,1,1,2,14,18,0
P3,10,1,5,0,5,0,0,0,0,0,2,1,1,2,14,18,0
P3,10,1,5,1,5,0,0,0,0,0,2,1,1,2,14,18,0
P3,10,1,5,8,5,0,0,0,0,0,2,1,1,2,14,18,0
P3,10,1,5,2,5,0,0,0,0,0,2,1,1,2,14,18,0
P3,10,1,4,31,5,0,0,0,0,0,2,1,1,2,14,18,0
P3,10,1,5,2,5,0,0,0,0,0,2,1,1,2,14,18,0
P3,10,1,4,4,5,0,0,0,0,0,2,1,1,2,14,18,0
P3,10,1,5,2,5,0,0,0,0,0,2,1,1,2,14,18,0
P3,10,1,4,0,5,0,0,0,0,0,2,1,1,2,14,18,0
P3,10,1,5,1,5,0,0,0,0,0,2,1,1,2,14,18,0
P3,10,1,5,1,5,0,0,0,0,0,2,1,1,2,14,18,0
P3,10,1,5,0,5,0,0,0,0,0,2,1,1,2,14,18,0
P3,10,1,5,0,5,0,0,0,0,0,2,1,1,2,14,18,0
P3,10,1,5,0,5,0,0,0,0,0,2,1,1,2,14,18,0
P3,10,1,5,0,5,0,0,0,0,0,2,1,1,2,14,18,0
P3,10,1,5,0,5,0,0,0,0,0,2,1,1,2,14,18,0
P3,10,1,5,11,5,0,0,0,0,0,2,1,1,2,14,18,0
P3,10,1,5,3,5,0,0,0,0,0,2,1,1,2,14,18,0
P3,10,1,5,0,5,0,0,0,0,0,2,1,1,2,14,18,0
P3,10,1,5,0,5,0,0,0,0,0,2,1,1,2,14,18,0
P3,10,1,4,0,5,0,0,0,0,0,2,1,1,2,14,18,0
P3,10,1,4,0,5,0,0,0,0,0,2,1,1,2,14,18,0
P3,10,1,4,4,5,0,0,0,0,0,2,1,1,2,14,18,0
P3,10,1,4,5,5,0,0,0,0,0,2,1,1,2,14,18,0
P3,10,1,4,0,5,0,0,0,0,0,2,1,1,2,14,18,0
P3,10,1,4,1,5,0,0,0,0,0,2,1,1,2,14,18,0
P3,10,1,4,0,5,0,0,0,0,0,2,1,1,2,14,18,0
P3,10,1,4,0,5,0,0,0,0,0,2,1,1,2,14,18,0
P3,10,1,4,4,5,0,0,0,0,0,2,1,1,2,14,18,0
P3,10,1,4,0,5,0,0,0,0,0,2,1,1,2,14,18,0
P3,10,1,4,0,5,0,0,0,0,0,2,1,1,8,14,18,0
P3,10,1,2,6,5,0,0,0,0,0,2,1,1,2,14,18,0
P3,10,1,4,5,5,0,0,0,0,0,2,1,1,2,14,18,0
P3,10,1,4,0,5,0,0,0,0,0,2,1,1,2,14,18,0
P3,10,1,4,2,5,0,0,0,0,0,2,1,1,2,14,18,0
P3,10,1,4,0,5,0,0,0,0,0,2,1,1,2,14,18,0
P3,10,1,4,0,5,0,0,0,0,0,2,1,1,8,14,18,0
P3,10,1,4,1,5,0,0,0,0,0,2,1,1,8,14,18,0
P3,10,1,5,1,5,0,0,0,0,0,2,1,1,8,14,18,0
P3,10,1,4,2,5,0,0,0,0,0,2,1,1,8,14,18,0
P3,10,1,4,0,5,0,0,0,0,0,2,1,1,2,14,18,0
P3,10,1,4,2,5,0,0,0,0,0,2,1,1,2,14,18,0
P3,10,1,4,0,5,0,0,0,0,0,2,1,1,2,14,18,0
P3,10,1,4,0,5,0,0,0,0,0,2,1,1,2,14,18,0
P3,10,1,4,3,5,0,0,0,0,0,2,1,1,2,14,18,0
P3,10,1,5,12,5,0,0,0,0,0,2,1,1,2,14,18,0
P3,10,1,4,0,5,0,0,0,0,0,2,1,1,2,14,18,0
P3,10,1,5,3,5,0,0,0,0,0,2,1,1,2,14,18,0
P3,10,1,4,4,5,0,0,0,0,0,2,1,1,2,14,18,0
P3,10,1,4,0,5,0,0,0,1,0,2,1,1,8,14,18,0
P3,10,1,5,0,5,0,0,0,1,0,2,1,1,8,14,18,0
P3,10,1,5,0,5,0,0,0,1,0,2,1,1,17,14,18,0
P3,10,1,4,0,5,0,0,0,1,0,2,1,1,17,14,18,0
P3,10,1,4,0,5,0,0,0,1,0,2,1,1,17,14,18,0
P3,10,1,5,0,5,0,0,0,1,0,2,1,1,17,14,18,0
P3,10,1,5,0,5,0,0,0,1,0,2,1,1,17,14,18,0
P3,10,1,5,0,5,0,0,0,1,0,2,1,1,17,14,18,0
P3,10,1,5,0,5,0,0,0,1,0,2,1,1,17,14,18,0
P3,10,1,5,0,5,0,0,0,1,0,2,1,1,17,14,18,0
P3,10,1,5,0,5,0,0,0,1,0,2,1,1,17,14,18,0
P3,10,1,5,0,5,0,0,0,1,0,2,1,1,8,14,18,0
P3,10,1,4,0,5,0,0,0,1,0,2,1,1,8,14,18,0
P3,10,1,4,0,5,0,0,0,1,0,2,1,1,8,14,18,0
P3,10,1,4,0,5,0,0,0,1,0,2,1,1,8,14,18,0
P3,10,1,5,0,5,0,0,0,1,0,2,1,1,8,14,18,0
P3,10,1,5,0,5,0,0,0,1,0,2,1,1,8,14,18,0
P3,10,1,4,0,5,0,0,0,1,0,2,1,1,8,14,18,0
P3,10,1,4,0,5,0,0,0,1,0,2,1,1,8,14,18,0
P3,10,1,4,0,5,0,0,0,1,0,2,1,1,8,14,18,0
P3,10,1,3,0,5,0,0,0,1,0,2,1,1,8,14,18,0
P3,10,1,3,0,5,0,0,0,1,0,2,1,1,8,14,18,0
P3,10,1,3,1,5,0,0,0,0,0,2,1,1,8,14,18,0
P3,10,1,6,1,5,0,0,0,0,0,2,1,1,8,14,18,0
P3,10,1,4,0,5,0,0,0,0,0,2,1,1,8,14,18,0
P3,10,1,4,0,5,0,0,0,0,0,2,1,1,8,14,18,0
P3,10,1,6,1,5,0,0,0,0,0,2,1,1,8,14,18,0
P3,10,1,4,2,5,0,0,0,0,0,2,1,1,2,14,18,0
P3,10,1,3,2,5,0,0,0,0,0,2,1,1,2,14,18,0
P3,10,1,2,0,5,0,0,0,0,0,2,1,1,8,14,18,0
P3,10,1,4,1,5,0,0,0,0,0,2,1,1,2,14,18,0
P3,10,1,1,1,5,0,0,0,0,0,2,1,1,2,14,18,0
P3,10,1,1,0,5,0,0,0,0,0,2,1,1,2,14,18,0
P3,10,1,1,29,5,0,0,0,0,0,2,1,1,2,14,18,0
P3,10,1,3,2,5,0,0,0,0,0,2,1,1,2,14,18,0
P3,10,1,4,0,5,0,0,0,0,0,2,1,1,2,14,18,0
P3,10,1,3,0,5,0,0,0,0,0,2,1,1,2,14,18,0
P3,10,1,4,1,5,0,0,0,0,0,2,1,1,2,14,18,0
P3,10,1,4,0,5,0,0,0,0,0,2,1,1,2,14,18,0
P3,11,1,4,0,5,0,0,0,0,0,2,1,1,2,14,18,0
P3,11,1,3,3,5,0,0,0,0,0,2,1,1,2,14,18,0
P3,11,1,4,0,5,0,0,0,0,0,2,1,1,2,14,18,0
P3,11,1,3,1,5,0,0,0,0,0,2,1,1,2,14,18,0
P3,11,1,1,0,5,0,0,0,0,0,2,1,1,2,14,18,0
P3,11,1,1,117,5,0,0,0,0,0,2,1,1,8,14,18,0
P3,11,1,4,2,5,0,0,0,0,0,2,1,1,8,14,18,0
P3,11,1,3,1,5,0,0,0,0,0,2,1,1,8,14,18,0
P3,11,1,4,0,5,0,0,0,0,0,2,1,1,8,14,18,0
P3,11,1,4,0,5,0,0,0,0,0,2,1,1,8,14,18,0
P3,11,1,4,16,5,0,0,0,0,0,2,1,1,8,14,18,0
P3,11,1,4,2,5,0,0,0,0,0,2,1,1,2,14,18,0
P3,11,1,4,1,5,0,0,0,0,0,2,1,1,2,14,18,0
P3,11,1,3,0,5,0,0,0,0,0,2,1,1,2,14,18,0
P3,11,1,4,2,5,0,0,0,0,0,2,1,1,2,14,18,0
P3,11,1,4,0,5,0,0,0,0,0,2,1,1,2,14,18,0
P3,11,1,4,0,5,0,0,0,0,0,2,1,1,2,14,18,0
P3,11,1,4,2,5,0,0,0,0,0,2,1,1,2,14,18,0
P3,11,1,4,1,5,0,0,0,0,0,2,1,1,2,14,18,0
P3,11,1,4,4,5,0,0,0,0,0,2,1,1,2,14,18,0
P3,11,1,4,0,5,0,0,0,0,0,2,1,1,2,14,18,0
P3,11,1,4,0,5,0,0,0,0,0,2,1,1,2,14,18,0
P3,11,1,2,0,5,0,0,0,0,0,2,1,1,2,14,18,0
P3,11,1,3,0,5,0,0,0,0,0,2,1,1,2,14,18,0
P3,11,1,3,0,5,0,0,0,0,0,2,1,1,2,14,18,0
P3,11,1,4,3,5,0,0,0,0,0,2,1,1,2,14,18,0
P3,11,1,4,0,5,0,0,0,0,0,2,1,1,2,14,18,0
P3,11,1,4,0,5,0,0,0,0,0,2,1,1,2,14,18,0
P3,11,1,4,1,5,0,0,0,0,0,2,1,1,2,14,18,0
P3,11,1,4,3,5,0,0,0,0,0,2,1,1,2,14,18,0
P3,11,1,4,3,5,0,0,0,0,0,2,1,1,2,14,18,0
P3,11,1,4,0,5,0,0,0,0,0,2,1,1,2,14,18,0
P3,11,1,4,2,5,0,0,0,0,0,2,1,1,2,14,18,0
P3,11,1,4,0,5,0,0,0,0,0,2,1,1,2,14,18,0
P3,11,1,4,0,5,0,0,0,0,0,2,1,1,2,14,18,0
P3,11,1,4,0,5,0,0,0,0,0,2,1,1,2,14,18,0
P3,11,1,4,0,5,0,0,0,0,0,2,1,1,2,14,18,0
P3,11,1,4,1,5,0,0,0,0,0,2,1,1,2,14,18,0
P3,11,1,4,0,5,0,0,0,0,0,2,1,1,2,14,18,0
P3,11,1,4,0,5,0,0,0,0,0,2,1,1,2,14,18,0
P3,11,1,4,3,5,0,0,0,0,0,2,1,1,2,14,18,0
P3,11,1,4,2,5,0,0,0,0,0,2,1,1,2,14,18,0
P3,11,1,4,0,5,0,0,0,0,0,2,1,1,2,14,18,0
P3,11,1,4,1,5,0,0,0,0,0,2,1,1,2,14,18,0
P3,11,1,4,0,5,0,0,0,0,0,2,1,1,2,14,18,0
P3,11,1,4,3,5,0,0,0,0,0,2,1,1,2,14,18,0
P3,11,1,4,1,5,0,0,0,0,0,2,1,1,2,14,18,0
P3,11,1,4,0,5,0,0,0,0,0,2,1,1,2,14,18,0
P3,11,1,4,1,5,0,0,0,0,0,2,1,1,2,14,18,0
P3,11,1,4,1,5,0,0,0,0,0,2,1,1,2,14,18,0
P3,11,1,4,0,5,0,0,0,0,0,2,1,1,2,14,18,0
P3,11,1,4,0,5,0,0,0,0,0,2,1,1,2,14,18,0
P3,11,1,4,1,5,0,0,0,0,0,2,1,1,2,14,18,0
P3,11,1,4,1,5,0,0,0,0,0,2,1,1,2,14,18,0
P3,11,1,4,0,5,0,0,0,0,0,2,1,1,2,14,18,0
P3,11,1,4,0,5,0,0,0,0,0,2,1,1,2,14,18,0
P3,11,1,4,2,5,0,0,0,0,0,2,1,1,2,14,18,0
P3,11,1,4,0,5,0,0,0,0,0,2,1,1,2,14,18,0
P3,11,1,4,2,5,0,0,0,0,0,2,1,1,2,14,18,0
P3,11,1,4,2,5,0,0,0,0,0,2,1,1,2,14,18,0
P3,11,1,4,1,5,0,0,0,0,0,2,1,1,2,14,18,0
P3,11,1,4,0,5,0,0,0,0,0,2,1,1,2,14,18,0
P3,11,1,4,1,5,0,0,0,0,0,2,1,1,2,14,18,0
P3,11,1,4,0,5,0,0,0,0,0,2,1,1,2,14,18,0
P3,11,1,4,1,5,0,0,0,0,0,2,1,1,2,14,18,0
P3,11,1,4,0,5,0,0,0,0,0,2,1,1,2,14,18,0
P3,11,1,4,2,5,0,0,0,0,0,2,1,1,2,14,18,0
P3,11,1,4,2,5,0,0,0,0,0,2,1,1,2,14,18,0
P3,11,1,4,0,5,0,0,0,0,0,2,1,1,2,14,18,0
P3,11,1,4,0,5,0,0,0,0,0,2,1,1,2,14,18,0
P3,11,1,4,2,5,0,0,0,0,0,2,1,1,2,14,18,0
P3,11,1,4,19,5,0,0,0,0,0,2,1,1,2,14,18,0
P3,11,1,4,0,5,0,0,0,0,0,2,1,1,2,14,18,0
P3,11,1,4,0,5,0,0,0,0,0,2,1,1,2,14,18,0
P3,11,1,4,0,5,0,0,0,0,0,2,1,1,2,14,18,0
P3,11,1,4,3,5,0,0,0,0,0,2,1,1,2,14,18,0
P3,11,1,4,0,5,0,0,0,0,0,2,1,1,2,14,18,0
P3,11,1,4,0,5,0,0,0,0,0,2,1,1,2,14,18,0
P3,11,1,4,0,5,0,0,0,0,0,2,1,1,2,14,18,0
P3,11,1,4,3,5,0,0,0,0,0,2,1,1,2,14,18,0
P3,11,1,4,3,5,0,0,0,0,0,2,1,1,2,14,18,0
P3,11,1,0,0,5,0,0,1,0,0,2,1,1,8,14,18,0
P3,11,1,0,0,5,0,0,0,0,0,2,1,1,43,14,18,0
P3,11,1,6,5,5,0,0,0,0,0,2,1,1,43,0,18,0
P3,11,1,4,1,5,0,0,0,0,0,2,1,1,43,0,18,0
P3,11,1,3,0,5,0,0,0,0,0,2,1,1,43,0,18,0
P3,11,1,7,0,5,0,0,0,0,0,2,0,1,43,0,18,0
P3,11,1,3,4,5,0,0,0,0,0,2,0,1,43,0,18,0
P3,11,1,3,5,5,0,0,0,0,0,2,0,1,43,0,18,0
P3,11,1,3,0,5,0,0,0,0,0,2,0,1,43,0,18,0
P3,11,1,3,0,5,0,0,0,0,0,2,0,1,43,0,18,0
P3,11,1,3,3,5,0,0,0,0,0,2,0,1,43,0,18,0
P3,11,1,3,0,5,0,0,0,0,0,2,0,1,43,0,18,0
P3,11,1,7,5,5,0,0,0,0,0,2,0,1,43,0,18,0
P3,11,1,4,1,5,0,0,0,0,0,2,0,1,43,0,18,0
P3,11,1,3,0,5,0,0,0,0,0,2,0,1,43,0,18,0
P3,11,1,3,1,5,0,0,0,0,0,2,0,1,43,0,18,0
P3,11,1,4,4,5,0,0,0,0,0,2,0,1,43,0,18,0
P3,11,1,4,1,5,0,0,0,0,0,2,0,1,43,0,18,0
P3,11,1,4,4,5,0,0,0,0,0,2,0,1,43,0,18,0
P3,11,1,4,0,5,0,0,0,0,0,2,0,1,43,0,18,0
P3,11,1,4,0,5,0,0,0,0,0,2,0,1,43,0,18,0
P3,11,1,4,0,5,0,0,0,0,0,2,0,1,43,0,18,0
P3,11,1,4,4,5,0,0,0,0,0,2,0,1,43,0,18,0
P3,11,1,4,0,5,0,0,0,0,0,2,0,1,43,0,18,0
P3,11,1,3,3,5,0,0,0,0,0,2,0,1,43,0,18,0
P3,11,1,4,0,5,0,0,0,0,0,2,0,1,43,0,18,0
P3,11,1,4,0,5,0,0,0,0,0,2,0,1,43,0,18,0
P3,11,1,4,4,5,0,0,0,0,0,2,0,1,43,0,18,0
P3,11,1,4,1,5,0,0,0,0,0,2,0,1,43,0,18,0
P3,11,1,4,0,5,0,0,0,0,0,2,0,1,43,0,18,0
P3,11,1,4,1,5,0,0,0,0,0,2,0,1,43,0,18,0
P3,11,1,4,0,5,0,0,0,0,0,2,0,1,43,0,18,0
P3,11,1,4,0,5,0,0,0,0,0,2,0,1,43,0,18,0
P3,11,1,4,1,5,0,0,0,0,0,2,0,1,43,0,18,0
P3,11,1,4,0,5,0,0,0,0,0,2,0,1,43,0,18,0
P3,11,1,4,0,5,0,0,0,0,0,2,0,1,43,0,18,0
P3,11,1,4,0,5,0,0,0,0,0,2,0,1,43,0,18,0
P3,11,1,4,0,5,0,0,0,0,0,2,0,1,43,0,18,0
P3,11,1,4,0,5,0,0,0,0,0,2,0,1,43,0,18,0
P3,11,1,4,5,5,0,0,0,0,0,2,0,1,43,0,18,0
P3,11,1,4,0,5,0,0,0,0,0,2,0,1,43,0,18,0
P3,11,1,4,0,5,0,0,0,0,0,2,0,1,43,0,18,0
P3,11,1,4,0,5,0,0,0,0,0,2,0,1,43,0,18,0
P3,11,1,4,2,5,0,0,0,0,0,2,0,1,43,0,18,0
P3,11,1,4,0,5,0,0,0,0,0,2,0,1,43,0,18,0
P3,11,1,4,1,5,0,0,0,0,0,2,1,1,8,0,18,0
P3,11,1,4,1,5,0,0,0,0,0,2,0,1,43,0,18,0
P3,11,1,3,6,5,0,0,0,0,0,2,0,1,43,0,18,0
P3,11,1,3,0,5,0,0,0,0,0,2,0,1,43,0,18,0
P3,11,1,4,2,5,0,0,0,0,0,2,0,1,43,0,18,0
P3,11,1,4,4,5,0,0,0,0,0,2,0,1,43,0,18,0
P3,11,1,3,0,5,0,0,0,0,0,2,0,1,43,0,18,0
P3,11,1,4,1,5,0,0,0,0,0,2,0,1,43,0,18,0
P3,11,1,3,1,5,0,0,0,0,0,2,0,1,43,0,18,0
P3,11,1,3,1,5,0,0,0,0,0,2,0,1,43,0,18,0
P3,11,1,3,0,5,0,0,0,0,0,2,1,1,43,0,18,0
P3,11,1,3,0,5,0,0,0,0,0,2,0,1,43,0,18,0
P3,11,1,3,0,5,0,0,0,0,0,2,0,1,43,0,18,0
P3,11,1,3,0,5,0,0,0,0,0,2,0,1,43,0,18,0
P3,11,1,4,0,5,0,0,0,0,0,2,0,1,43,0,18,0
P3,11,1,3,5,5,0,0,0,0,0,2,0,1,43,0,18,0
P3,11,1,3,0,5,0,0,0,0,0,2,0,1,43,0,18,0
P3,11,1,3,1,5,0,0,0,0,0,2,0,1,43,0,18,0
P3,11,1,3,0,5,0,0,0,0,0,2,0,1,43,0,18,0
P3,11,1,3,0,5,0,0,0,0,0,2,0,1,43,0,18,0
P3,11,1,3,1,5,0,0,0,0,0,2,0,1,43,0,18,0
P3,11,1,3,0,5,0,0,0,0,0,2,0,1,43,0,18,0
P3,11,1,3,0,5,0,0,0,0,0,2,0,1,43,0,18,0
P3,11,1,3,1,5,0,0,0,0,0,2,0,1,43,0,18,0
P3,11,1,3,0,5,0,0,0,0,0,2,0,1,43,0,18,0
P3,11,1,3,0,5,0,0,0,0,0,2,0,1,43,0,18,0
P3,11,1,3,4,5,0,0,0,0,0,2,0,1,43,0,18,0
P3,11,1,4,1,5,0,0,0,0,0,2,0,1,43,0,18,0
P3,11,1,3,0,5,0,0,0,0,0,2,0,1,43,0,18,0
P3,11,1,3,0,5,0,0,0,0,0,2,0,1,43,0,18,0
P3,11,1,3,1,5,0,0,0,0,0,2,0,1,43,0,18,0
P3,11,1,4,1,5,0,0,0,0,0,2,0,1,43,0,18,0
P3,11,1,4,0,5,0,0,0,0,0,2,0,1,43,0,18,0
P3,11,1,4,1,5,0,0,0,0,0,2,1,1,8,0,18,0
P3,11,1,4,3,5,0,0,0,0,0,2,1,1,8,0,18,0
P3,11,1,4,1,5,0,0,0,0,0,2,1,1,43,0,18,0
P3,11,1,3,0,5,0,0,0,0,0,2,0,1,43,0,18,0
P3,11,1,3,2,5,0,0,0,0,0,2,0,1,43,0,18,0
P3,11,1,3,0,5,0,0,0,0,0,2,0,1,43,0,18,0
P3,11,1,3,0,5,0,0,0,0,0,2,0,1,43,0,18,0
P3,11,1,4,2,5,0,0,0,0,0,2,0,1,43,0,18,0
P3,11,1,4,0,5,0,0,0,0,0,2,0,1,43,0,18,0
P3,11,1,4,14,5,0,0,0,0,0,2,0,1,43,0,18,0
P3,11,1,4,2,5,0,0,0,0,0,2,0,1,43,0,18,0
P3,11,1,3,4,5,0,0,0,0,0,2,0,1,43,0,18,0
P3,11,1,3,2,5,0,0,0,0,0,2,0,1,43,0,18,0
P3,11,1,4,0,5,0,0,0,0,0,2,0,1,43,0,18,0
P3,11,1,4,1,5,0,0,0,0,0,2,0,1,43,0,18,0
P3,11,1,3,0,5,0,0,0,0,0,2,0,1,43,0,18,0
P3,11,1,3,0,5,0,0,0,0,0,2,0,1,43,0,18,0
P3,11,1,3,1,5,0,0,0,0,0,2,0,1,43,0,18,0
P3,11,1,3,0,5,0,0,0,0,0,2,0,1,43,0,18,0
P3,11,1,3,2,5,0,0,0,0,0,2,0,1,43,0,18,0
P3,11,1,3,0,5,0,0,0,0,0,2,0,1,43,0,18,0
P3,11,1,4,1,5,0,0,0,0,0,2,0,1,43,0,18,0
P3,11,1,4,0,5,0,0,0,0,0,2,1,1,43,0,18,0
P3,11,1,5,0,5,0,0,0,0,0,2,1,1,2,0,18,0
P3,11,1,5,0,5,0,0,0,0,0,2,1,1,8,0,18,0
P3,11,1,4,0,5,0,0,0,0,0,2,1,1,8,0,18,0
P3,11,1,4,0,5,0,0,0,0,0,2,1,1,8,0,18,0
P3,11,1,3,0,5,0,0,0,0,0,2,1,1,8,0,18,0
P3,11,1,5,3,5,0,0,0,0,0,2,1,1,8,0,18,0
P3,11,1,4,1,5,0,0,0,0,0,2,1,1,8,0,18,0
P3,11,1,3,0,5,0,0,0,1,0,2,1,1,2,14,18,0
