device_id,date,time,battery_temperature,battery_voltage,ram_usage,rom_usage,app_name
a48f13fbe67b4e9b,16/11/2021,21:27:48,0.0,0.0,2152.0,"10,552MB",Super Collect
a48f13fbe67b4e9b,16/11/2021,21:27:49,33.2,3999,2082.0,"10,552MB",Super Collect
a48f13fbe67b4e9b,16/11/2021,21:27:50,33.2,3999,2083.0,"10,552MB",Super Collect
a48f13fbe67b4e9b,16/11/2021,21:27:51,33.2,3999,2085.0,"10,552MB",Super Collect
a48f13fbe67b4e9b,16/11/2021,21:27:52,33.2,3999,2089.0,"10,552MB",Configurar
a48f13fbe67b4e9b,16/11/2021,21:27:53,33.2,3999,2120.0,"10,552MB",Moto App Launcher
a48f13fbe67b4e9b,16/11/2021,21:27:54,33.2,3999,2122.0,"10,552MB",Moto App Launcher
a48f13fbe67b4e9b,16/11/2021,21:27:55,33.2,3999,2113.0,"10,552MB",YouTube
a48f13fbe67b4e9b,16/11/2021,21:27:56,33.2,3999,2188.0,"10,552MB",YouTube
a48f13fbe67b4e9b,16/11/2021,21:27:57,33.2,3999,2183.0,"10,552MB",YouTube
a48f13fbe67b4e9b,16/11/2021,21:27:58,33.2,3999,2173.0,"10,552MB",YouTube
a48f13fbe67b4e9b,16/11/2021,21:27:59,33.2,3999,2166.0,"10,552MB",YouTube
a48f13fbe67b4e9b,16/11/2021,21:28:00,33.2,3986,2173.0,"10,553MB",YouTube
a48f13fbe67b4e9b,16/11/2021,21:28:01,33.2,3986,2176.0,"10,553MB",YouTube
a48f13fbe67b4e9b,16/11/2021,21:28:02,33.2,3986,2179.0,"10,553MB",YouTube
a48f13fbe67b4e9b,16/11/2021,21:28:03,33.2,3986,2183.0,"10,553MB",YouTube
a48f13fbe67b4e9b,16/11/2021,21:28:04,33.2,3986,2139.0,"10,553MB",YouTube
a48f13fbe67b4e9b,16/11/2021,21:28:05,33.2,3986,2120.0,"10,553MB",YouTube
a48f13fbe67b4e9b,16/11/2021,21:28:06,33.2,3986,2122.0,"10,553MB",YouTube
a48f13fbe67b4e9b,16/11/2021,21:28:07,33.2,3986,2120.0,"10,553MB",YouTube
a48f13fbe67b4e9b,16/11/2021,21:28:08,33.2,3986,2120.0,"10,553MB",YouTube
a48f13fbe67b4e9b,16/11/2021,21:28:09,33.2,3986,2124.0,"10,553MB",YouTube
a48f13fbe67b4e9b,16/11/2021,21:28:10,33.2,3986,2124.0,"10,553MB",YouTube
a48f13fbe67b4e9b,16/11/2021,21:28:11,33.2,3986,2126.0,"10,553MB",YouTube
a48f13fbe67b4e9b,16/11/2021,21:28:12,33.2,3986,2130.0,"10,553MB",YouTube
a48f13fbe67b4e9b,16/11/2021,21:28:13,33.2,3986,2130.0,"10,553MB",YouTube
a48f13fbe67b4e9b,16/11/2021,21:28:14,33.2,3986,2134.0,"10,553MB",YouTube
a48f13fbe67b4e9b,16/11/2021,21:28:15,33.2,3986,2136.0,"10,553MB",YouTube
a48f13fbe67b4e9b,16/11/2021,21:28:16,33.2,3986,2135.0,"10,553MB",YouTube
a48f13fbe67b4e9b,16/11/2021,21:28:17,33.2,3986,2136.0,"10,553MB",YouTube
a48f13fbe67b4e9b,16/11/2021,21:28:18,33.2,3986,2139.0,"10,553MB",YouTube
a48f13fbe67b4e9b,16/11/2021,21:28:19,33.2,3986,2141.0,"10,553MB",YouTube
a48f13fbe67b4e9b,16/11/2021,21:28:20,33.2,3986,2134.0,"10,553MB",YouTube
a48f13fbe67b4e9b,16/11/2021,21:28:21,33.2,3986,2135.0,"10,553MB",YouTube
a48f13fbe67b4e9b,16/11/2021,21:28:22,33.2,3986,2117.0,"10,553MB",YouTube
a48f13fbe67b4e9b,16/11/2021,21:28:23,33.2,3986,2117.0,"10,553MB",YouTube
a48f13fbe67b4e9b,16/11/2021,21:28:24,33.2,3986,2115.0,"10,553MB",YouTube
a48f13fbe67b4e9b,16/11/2021,21:28:25,33.2,3986,2117.0,"10,553MB",YouTube
a48f13fbe67b4e9b,16/11/2021,21:28:26,33.2,3986,2117.0,"10,553MB",YouTube
a48f13fbe67b4e9b,16/11/2021,21:28:27,33.2,3986,2120.0,"10,553MB",YouTube
a48f13fbe67b4e9b,16/11/2021,21:28:28,33.2,3986,2143.0,"10,553MB",YouTube
a48f13fbe67b4e9b,16/11/2021,21:28:29,33.2,3986,2142.0,"10,553MB",YouTube
a48f13fbe67b4e9b,16/11/2021,21:28:30,33.2,3986,2144.0,"10,553MB",YouTube
a48f13fbe67b4e9b,16/11/2021,21:28:31,33.2,3986,2145.0,"10,553MB",YouTube
a48f13fbe67b4e9b,16/11/2021,21:28:32,33.2,3986,2146.0,"10,553MB",YouTube
a48f13fbe67b4e9b,16/11/2021,21:28:33,33.2,3986,2148.0,"10,553MB",YouTube
a48f13fbe67b4e9b,16/11/2021,21:28:34,33.2,3986,2151.0,"10,553MB",YouTube
a48f13fbe67b4e9b,16/11/2021,21:28:35,33.2,3986,2150.0,"10,553MB",YouTube
a48f13fbe67b4e9b,16/11/2021,21:28:36,33.2,3986,2153.0,"10,553MB",YouTube
a48f13fbe67b4e9b,16/11/2021,21:28:37,33.2,3986,2153.0,"10,552MB",YouTube
a48f13fbe67b4e9b,16/11/2021,21:28:38,33.2,3986,2154.0,"10,553MB",YouTube
a48f13fbe67b4e9b,16/11/2021,21:28:39,33.2,3986,2154.0,"10,553MB",YouTube
a48f13fbe67b4e9b,16/11/2021,21:28:40,33.2,3986,2155.0,"10,553MB",YouTube
a48f13fbe67b4e9b,16/11/2021,21:28:41,33.2,3986,2154.0,"10,553MB",YouTube
a48f13fbe67b4e9b,16/11/2021,21:28:42,33.2,3986,2158.0,"10,553MB",YouTube
a48f13fbe67b4e9b,16/11/2021,21:28:43,33.2,3986,2157.0,"10,553MB",YouTube
a48f13fbe67b4e9b,16/11/2021,21:28:44,33.2,3986,2160.0,"10,553MB",YouTube
a48f13fbe67b4e9b,16/11/2021,21:28:45,33.2,3986,2161.0,"10,553MB",YouTube
a48f13fbe67b4e9b,16/11/2021,21:28:46,33.2,3986,2141.0,"10,553MB",YouTube
a48f13fbe67b4e9b,16/11/2021,21:28:47,33.2,3986,2138.0,"10,553MB",YouTube
a48f13fbe67b4e9b,16/11/2021,21:28:48,33.2,3986,2141.0,"10,553MB",YouTube
a48f13fbe67b4e9b,16/11/2021,21:28:49,33.2,3986,2141.0,"10,553MB",YouTube
a48f13fbe67b4e9b,16/11/2021,21:28:50,33.2,3986,2141.0,"10,553MB",YouTube
a48f13fbe67b4e9b,16/11/2021,21:28:51,33.2,3986,2142.0,"10,553MB",YouTube
a48f13fbe67b4e9b,16/11/2021,21:28:52,33.2,3986,2145.0,"10,553MB",YouTube
a48f13fbe67b4e9b,16/11/2021,21:28:53,33.2,3986,2146.0,"10,553MB",YouTube
a48f13fbe67b4e9b,16/11/2021,21:28:54,33.2,3986,2145.0,"10,553MB",YouTube
a48f13fbe67b4e9b,16/11/2021,21:28:55,33.2,3986,2149.0,"10,553MB",YouTube
a48f13fbe67b4e9b,16/11/2021,21:28:56,33.2,3986,2150.0,"10,553MB",YouTube
a48f13fbe67b4e9b,16/11/2021,21:28:57,33.2,3986,2152.0,"10,553MB",YouTube
a48f13fbe67b4e9b,16/11/2021,21:28:58,33.2,3986,2151.0,"10,553MB",YouTube
a48f13fbe67b4e9b,16/11/2021,21:28:59,33.2,3986,2153.0,"10,553MB",YouTube
a48f13fbe67b4e9b,16/11/2021,21:29:00,33.2,3986,2154.0,"10,553MB",YouTube
a48f13fbe67b4e9b,16/11/2021,21:29:01,33.2,3986,2154.0,"10,553MB",YouTube
a48f13fbe67b4e9b,16/11/2021,21:29:02,33.0,3985,2156.0,"10,553MB",YouTube
a48f13fbe67b4e9b,16/11/2021,21:29:03,33.0,3985,2156.0,"10,553MB",YouTube
a48f13fbe67b4e9b,16/11/2021,21:29:04,33.0,3985,2159.0,"10,553MB",YouTube
a48f13fbe67b4e9b,16/11/2021,21:29:05,33.0,3985,2158.0,"10,553MB",YouTube
a48f13fbe67b4e9b,16/11/2021,21:29:06,33.0,3985,2161.0,"10,553MB",YouTube
a48f13fbe67b4e9b,16/11/2021,21:29:07,33.0,3985,2161.0,"10,553MB",YouTube
a48f13fbe67b4e9b,16/11/2021,21:29:08,33.0,3985,2163.0,"10,553MB",YouTube
a48f13fbe67b4e9b,16/11/2021,21:29:09,33.0,3985,2141.0,"10,553MB",YouTube
a48f13fbe67b4e9b,16/11/2021,21:29:10,33.0,3985,2143.0,"10,553MB",YouTube
a48f13fbe67b4e9b,16/11/2021,21:29:11,33.0,3985,2143.0,"10,553MB",YouTube
a48f13fbe67b4e9b,16/11/2021,21:29:12,33.0,3985,2144.0,"10,553MB",YouTube
a48f13fbe67b4e9b,16/11/2021,21:29:13,33.0,3985,2146.0,"10,553MB",YouTube
a48f13fbe67b4e9b,16/11/2021,21:29:14,33.0,3985,2147.0,"10,553MB",YouTube
a48f13fbe67b4e9b,16/11/2021,21:29:15,33.0,3985,2150.0,"10,553MB",YouTube
a48f13fbe67b4e9b,16/11/2021,21:29:16,33.0,3985,2148.0,"10,553MB",YouTube
a48f13fbe67b4e9b,16/11/2021,21:29:17,33.0,3985,2151.0,"10,553MB",YouTube
a48f13fbe67b4e9b,16/11/2021,21:29:18,33.0,3985,2151.0,"10,554MB",YouTube
a48f13fbe67b4e9b,16/11/2021,21:29:19,33.0,3985,2150.0,"10,554MB",YouTube
a48f13fbe67b4e9b,16/11/2021,21:29:20,33.0,3985,2153.0,"10,554MB",YouTube
a48f13fbe67b4e9b,16/11/2021,21:29:21,33.0,3985,2155.0,"10,554MB",YouTube
a48f13fbe67b4e9b,16/11/2021,21:29:22,33.0,3985,2157.0,"10,554MB",YouTube
a48f13fbe67b4e9b,16/11/2021,21:29:23,33.0,3985,2155.0,"10,554MB",YouTube
a48f13fbe67b4e9b,16/11/2021,21:29:24,33.0,3985,2157.0,"10,554MB",YouTube
a48f13fbe67b4e9b,16/11/2021,21:29:25,33.0,3985,2158.0,"10,554MB",YouTube
a48f13fbe67b4e9b,16/11/2021,21:29:26,33.0,3985,2158.0,"10,554MB",YouTube
a48f13fbe67b4e9b,16/11/2021,21:29:27,33.0,3985,2160.0,"10,554MB",YouTube
a48f13fbe67b4e9b,16/11/2021,21:29:28,33.0,3985,2162.0,"10,554MB",YouTube
a48f13fbe67b4e9b,16/11/2021,21:29:29,33.0,3985,2164.0,"10,554MB",YouTube
a48f13fbe67b4e9b,16/11/2021,21:29:30,33.0,3985,2163.0,"10,554MB",YouTube
a48f13fbe67b4e9b,16/11/2021,21:29:31,33.0,3985,2166.0,"10,554MB",YouTube
a48f13fbe67b4e9b,16/11/2021,21:29:32,33.0,3985,2166.0,"10,554MB",YouTube
a48f13fbe67b4e9b,16/11/2021,21:29:33,33.0,3985,2168.0,"10,554MB",YouTube
a48f13fbe67b4e9b,16/11/2021,21:29:34,33.0,3985,2165.0,"10,554MB",YouTube
a48f13fbe67b4e9b,16/11/2021,21:29:35,33.0,3985,2147.0,"10,554MB",YouTube
a48f13fbe67b4e9b,16/11/2021,21:29:36,33.0,3985,2147.0,"10,554MB",YouTube
a48f13fbe67b4e9b,16/11/2021,21:29:37,33.0,3985,2149.0,"10,554MB",YouTube
a48f13fbe67b4e9b,16/11/2021,21:29:38,33.0,3985,2148.0,"10,554MB",YouTube
a48f13fbe67b4e9b,16/11/2021,21:29:39,33.0,3985,2150.0,"10,554MB",YouTube
a48f13fbe67b4e9b,16/11/2021,21:29:40,33.0,3985,2151.0,"10,554MB",YouTube
a48f13fbe67b4e9b,16/11/2021,21:29:41,33.0,3985,2154.0,"10,554MB",YouTube
a48f13fbe67b4e9b,16/11/2021,21:29:42,33.0,3985,2152.0,"10,554MB",YouTube
a48f13fbe67b4e9b,16/11/2021,21:29:43,33.0,3985,2153.0,"10,554MB",YouTube
a48f13fbe67b4e9b,16/11/2021,21:29:44,33.0,3985,2154.0,"10,554MB",YouTube
a48f13fbe67b4e9b,16/11/2021,21:29:45,33.0,3985,2155.0,"10,554MB",YouTube
a48f13fbe67b4e9b,16/11/2021,21:29:46,33.0,3985,2154.0,"10,554MB",YouTube
a48f13fbe67b4e9b,16/11/2021,21:29:47,33.0,3985,2157.0,"10,554MB",YouTube
a48f13fbe67b4e9b,16/11/2021,21:29:48,33.0,3985,2160.0,"10,554MB",YouTube
a48f13fbe67b4e9b,16/11/2021,21:29:49,33.0,3985,2159.0,"10,554MB",YouTube
a48f13fbe67b4e9b,16/11/2021,21:29:50,33.0,3985,2158.0,"10,554MB",YouTube
a48f13fbe67b4e9b,16/11/2021,21:29:51,33.0,3985,2157.0,"10,554MB",YouTube
a48f13fbe67b4e9b,16/11/2021,21:29:52,33.0,3985,2159.0,"10,554MB",YouTube
a48f13fbe67b4e9b,16/11/2021,21:29:53,33.0,3985,2162.0,"10,554MB",YouTube
a48f13fbe67b4e9b,16/11/2021,21:29:54,33.0,3985,2161.0,"10,554MB",YouTube
a48f13fbe67b4e9b,16/11/2021,21:29:55,33.0,3985,2166.0,"10,555MB",YouTube
a48f13fbe67b4e9b,16/11/2021,21:29:56,33.0,3985,2158.0,"10,555MB",YouTube
a48f13fbe67b4e9b,16/11/2021,21:29:57,33.0,3985,2160.0,"10,555MB",YouTube
a48f13fbe67b4e9b,16/11/2021,21:29:58,33.0,3985,2160.0,"10,555MB",YouTube
a48f13fbe67b4e9b,16/11/2021,21:29:59,33.0,3985,2142.0,"10,555MB",YouTube
a48f13fbe67b4e9b,16/11/2021,21:30:00,33.0,3985,2141.0,"10,555MB",YouTube
a48f13fbe67b4e9b,16/11/2021,21:30:01,33.0,3985,2143.0,"10,555MB",YouTube
a48f13fbe67b4e9b,16/11/2021,21:30:02,33.0,3985,2142.0,"10,555MB",YouTube
a48f13fbe67b4e9b,16/11/2021,21:30:03,32.7,3984,2144.0,"10,555MB",YouTube
a48f13fbe67b4e9b,16/11/2021,21:30:04,32.7,3984,2144.0,"10,555MB",YouTube
a48f13fbe67b4e9b,16/11/2021,21:30:05,32.7,3984,2142.0,"10,555MB",YouTube
a48f13fbe67b4e9b,16/11/2021,21:30:06,32.7,3984,2139.0,"10,555MB",YouTube
a48f13fbe67b4e9b,16/11/2021,21:30:07,32.7,3984,2139.0,"10,555MB",YouTube
a48f13fbe67b4e9b,16/11/2021,21:30:08,32.7,3984,2140.0,"10,555MB",YouTube
a48f13fbe67b4e9b,16/11/2021,21:30:09,32.7,3984,2141.0,"10,555MB",YouTube
a48f13fbe67b4e9b,16/11/2021,21:30:10,32.7,3984,2144.0,"10,555MB",YouTube
a48f13fbe67b4e9b,16/11/2021,21:30:11,32.7,3984,2144.0,"10,555MB",YouTube
a48f13fbe67b4e9b,16/11/2021,21:30:12,32.7,3984,2143.0,"10,555MB",YouTube
a48f13fbe67b4e9b,16/11/2021,21:30:13,32.7,3984,2146.0,"10,555MB",YouTube
a48f13fbe67b4e9b,16/11/2021,21:30:14,32.7,3984,2146.0,"10,555MB",YouTube
a48f13fbe67b4e9b,16/11/2021,21:30:15,32.7,3984,2147.0,"10,555MB",YouTube
a48f13fbe67b4e9b,16/11/2021,21:30:16,32.7,3984,2146.0,"10,555MB",YouTube
a48f13fbe67b4e9b,16/11/2021,21:30:17,32.7,3984,2148.0,"10,555MB",YouTube
a48f13fbe67b4e9b,16/11/2021,21:30:18,32.7,3984,2148.0,"10,555MB",YouTube
a48f13fbe67b4e9b,16/11/2021,21:30:19,32.7,3984,2149.0,"10,555MB",YouTube
a48f13fbe67b4e9b,16/11/2021,21:30:20,32.7,3984,2149.0,"10,555MB",YouTube
a48f13fbe67b4e9b,16/11/2021,21:30:21,32.7,3984,2151.0,"10,555MB",YouTube
a48f13fbe67b4e9b,16/11/2021,21:30:22,32.7,3984,2153.0,"10,555MB",YouTube
a48f13fbe67b4e9b,16/11/2021,21:30:23,32.7,3984,2155.0,"10,555MB",YouTube
a48f13fbe67b4e9b,16/11/2021,21:30:24,32.7,3984,2134.0,"10,555MB",YouTube
a48f13fbe67b4e9b,16/11/2021,21:30:25,32.7,3984,2136.0,"10,555MB",YouTube
a48f13fbe67b4e9b,16/11/2021,21:30:26,32.7,3984,2136.0,"10,555MB",YouTube
a48f13fbe67b4e9b,16/11/2021,21:30:27,32.7,3984,2134.0,"10,555MB",YouTube
a48f13fbe67b4e9b,16/11/2021,21:30:28,32.7,3984,2131.0,"10,555MB",YouTube
a48f13fbe67b4e9b,16/11/2021,21:30:29,32.7,3984,2133.0,"10,555MB",YouTube
a48f13fbe67b4e9b,16/11/2021,21:30:30,32.7,3984,2133.0,"10,555MB",YouTube
a48f13fbe67b4e9b,16/11/2021,21:30:31,32.7,3984,2135.0,"10,555MB",YouTube
a48f13fbe67b4e9b,16/11/2021,21:30:32,32.7,3984,2134.0,"10,555MB",YouTube
a48f13fbe67b4e9b,16/11/2021,21:30:33,32.7,3984,2136.0,"10,555MB",YouTube
a48f13fbe67b4e9b,16/11/2021,21:30:34,32.7,3984,2137.0,"10,556MB",YouTube
a48f13fbe67b4e9b,16/11/2021,21:30:35,32.7,3984,2139.0,"10,556MB",YouTube
a48f13fbe67b4e9b,16/11/2021,21:30:36,32.7,3984,2138.0,"10,556MB",YouTube
a48f13fbe67b4e9b,16/11/2021,21:30:37,32.7,3984,2140.0,"10,556MB",YouTube
a48f13fbe67b4e9b,16/11/2021,21:30:38,32.7,3984,2140.0,"10,556MB",YouTube
a48f13fbe67b4e9b,16/11/2021,21:30:39,32.7,3984,2142.0,"10,556MB",YouTube
a48f13fbe67b4e9b,16/11/2021,21:30:40,32.7,3984,2141.0,"10,556MB",YouTube
a48f13fbe67b4e9b,16/11/2021,21:30:41,32.7,3984,2144.0,"10,556MB",YouTube
a48f13fbe67b4e9b,16/11/2021,21:30:42,32.7,3984,2144.0,"10,556MB",YouTube
a48f13fbe67b4e9b,16/11/2021,21:30:43,32.7,3984,2143.0,"10,556MB",YouTube
a48f13fbe67b4e9b,16/11/2021,21:30:44,32.7,3984,2145.0,"10,556MB",YouTube
a48f13fbe67b4e9b,16/11/2021,21:30:45,32.7,3984,2145.0,"10,556MB",YouTube
a48f13fbe67b4e9b,16/11/2021,21:30:46,32.7,3984,2148.0,"10,556MB",YouTube
a48f13fbe67b4e9b,16/11/2021,21:30:47,32.7,3984,2147.0,"10,556MB",YouTube
a48f13fbe67b4e9b,16/11/2021,21:30:48,32.7,3984,2131.0,"10,556MB",YouTube
a48f13fbe67b4e9b,16/11/2021,21:30:49,32.7,3984,2131.0,"10,556MB",YouTube
a48f13fbe67b4e9b,16/11/2021,21:30:50,32.7,3984,2132.0,"10,556MB",YouTube
a48f13fbe67b4e9b,16/11/2021,21:30:51,32.7,3984,2132.0,"10,556MB",YouTube
a48f13fbe67b4e9b,16/11/2021,21:30:52,32.7,3984,2133.0,"10,556MB",YouTube
a48f13fbe67b4e9b,16/11/2021,21:30:53,32.7,3984,2133.0,"10,556MB",YouTube
a48f13fbe67b4e9b,16/11/2021,21:30:54,32.7,3984,2136.0,"10,556MB",YouTube
a48f13fbe67b4e9b,16/11/2021,21:30:55,32.7,3984,2135.0,"10,556MB",YouTube
a48f13fbe67b4e9b,16/11/2021,21:30:56,32.7,3984,2136.0,"10,556MB",YouTube
a48f13fbe67b4e9b,16/11/2021,21:30:57,32.7,3984,2137.0,"10,556MB",YouTube
a48f13fbe67b4e9b,16/11/2021,21:30:58,32.7,3984,2139.0,"10,556MB",YouTube
a48f13fbe67b4e9b,16/11/2021,21:30:59,32.7,3984,2137.0,"10,556MB",YouTube
a48f13fbe67b4e9b,16/11/2021,21:31:00,32.7,3984,2140.0,"10,556MB",YouTube
a48f13fbe67b4e9b,16/11/2021,21:31:01,32.7,3984,2141.0,"10,556MB",YouTube
a48f13fbe67b4e9b,16/11/2021,21:31:02,32.7,3984,2143.0,"10,556MB",YouTube
a48f13fbe67b4e9b,16/11/2021,21:31:03,32.7,3984,2142.0,"10,556MB",YouTube
a48f13fbe67b4e9b,16/11/2021,21:31:04,32.7,3984,2160.0,"10,556MB",YouTube
a48f13fbe67b4e9b,16/11/2021,21:31:05,32.7,3984,2161.0,"10,556MB",YouTube
a48f13fbe67b4e9b,16/11/2021,21:31:06,32.7,3984,2160.0,"10,556MB",YouTube
a48f13fbe67b4e9b,16/11/2021,21:31:07,32.7,3984,2162.0,"10,556MB",YouTube
a48f13fbe67b4e9b,16/11/2021,21:31:08,32.7,3984,2163.0,"10,556MB",YouTube
a48f13fbe67b4e9b,16/11/2021,21:31:09,32.7,3984,2165.0,"10,556MB",YouTube
a48f13fbe67b4e9b,16/11/2021,21:31:10,32.7,3984,2146.0,"10,556MB",YouTube
a48f13fbe67b4e9b,16/11/2021,21:31:11,32.7,3984,2147.0,"10,556MB",YouTube
a48f13fbe67b4e9b,16/11/2021,21:31:12,32.7,3984,2147.0,"10,556MB",YouTube
a48f13fbe67b4e9b,16/11/2021,21:31:13,32.7,3984,2149.0,"10,556MB",YouTube
a48f13fbe67b4e9b,16/11/2021,21:31:14,32.7,3984,2150.0,"10,556MB",YouTube
a48f13fbe67b4e9b,16/11/2021,21:31:15,32.7,3984,2150.0,"10,556MB",YouTube
a48f13fbe67b4e9b,16/11/2021,21:31:16,32.7,3984,2149.0,"10,557MB",YouTube
a48f13fbe67b4e9b,16/11/2021,21:31:17,32.7,3984,2147.0,"10,557MB",YouTube
a48f13fbe67b4e9b,16/11/2021,21:31:18,32.7,3984,2150.0,"10,557MB",YouTube
a48f13fbe67b4e9b,16/11/2021,21:31:19,32.7,3984,2150.0,"10,557MB",YouTube
a48f13fbe67b4e9b,16/11/2021,21:31:20,32.7,3984,2152.0,"10,557MB",YouTube
a48f13fbe67b4e9b,16/11/2021,21:31:21,32.7,3984,2152.0,"10,557MB",YouTube
a48f13fbe67b4e9b,16/11/2021,21:31:22,32.7,3984,2154.0,"10,557MB",YouTube
a48f13fbe67b4e9b,16/11/2021,21:31:23,32.7,3984,2160.0,"10,557MB",YouTube
a48f13fbe67b4e9b,16/11/2021,21:31:24,32.7,3984,2170.0,"10,557MB",Moto App Launcher
a48f13fbe67b4e9b,16/11/2021,21:31:25,32.7,3984,2147.0,"10,557MB",Moto App Launcher
a48f13fbe67b4e9b,16/11/2021,21:31:26,32.7,3984,2150.0,"10,557MB",Moto App Launcher
a48f13fbe67b4e9b,16/11/2021,21:31:27,32.7,3984,2151.0,"10,557MB",Moto App Launcher
a48f13fbe67b4e9b,16/11/2021,21:31:28,32.7,3984,2153.0,"10,557MB",Golf Battle
a48f13fbe67b4e9b,16/11/2021,21:31:29,32.7,3984,2133.0,"10,557MB",Golf Battle
a48f13fbe67b4e9b,16/11/2021,21:31:30,32.7,3984,2155.0,"10,557MB",Golf Battle
a48f13fbe67b4e9b,16/11/2021,21:31:31,32.7,3984,2183.0,"10,557MB",Golf Battle
a48f13fbe67b4e9b,16/11/2021,21:31:32,32.7,3984,2189.0,"10,557MB",Golf Battle
a48f13fbe67b4e9b,16/11/2021,21:31:33,32.7,3984,2225.0,"10,557MB",Golf Battle
a48f13fbe67b4e9b,16/11/2021,21:31:34,32.7,3984,2250.0,"10,557MB",Golf Battle
a48f13fbe67b4e9b,16/11/2021,21:31:35,32.7,3984,2280.0,"10,556MB",Golf Battle
a48f13fbe67b4e9b,16/11/2021,21:31:36,32.7,3984,2305.0,"10,556MB",Golf Battle
a48f13fbe67b4e9b,16/11/2021,21:31:37,32.7,3984,2331.0,"10,556MB",Golf Battle
a48f13fbe67b4e9b,16/11/2021,21:31:38,32.7,3984,2354.0,"10,556MB",Golf Battle
a48f13fbe67b4e9b,16/11/2021,21:31:39,32.7,3984,2362.0,"10,556MB",Golf Battle
a48f13fbe67b4e9b,16/11/2021,21:31:40,32.7,3984,2371.0,"10,556MB",Golf Battle
a48f13fbe67b4e9b,16/11/2021,21:31:41,32.7,3984,2379.0,"10,556MB",Golf Battle
a48f13fbe67b4e9b,16/11/2021,21:31:42,32.7,3984,2392.0,"10,556MB",Golf Battle
a48f13fbe67b4e9b,16/11/2021,21:31:43,32.7,3984,2400.0,"10,556MB",Golf Battle
a48f13fbe67b4e9b,16/11/2021,21:31:44,32.7,3984,2426.0,"10,557MB",Golf Battle
a48f13fbe67b4e9b,16/11/2021,21:31:45,32.7,3984,2451.0,"10,557MB",Golf Battle
a48f13fbe67b4e9b,16/11/2021,21:31:46,32.7,3984,2449.0,"10,557MB",Golf Battle
a48f13fbe67b4e9b,16/11/2021,21:31:47,32.7,3984,2480.0,"10,557MB",Golf Battle
a48f13fbe67b4e9b,16/11/2021,21:31:48,32.7,3984,2509.0,"10,557MB",Golf Battle
a48f13fbe67b4e9b,16/11/2021,21:31:49,32.7,3984,2536.0,"10,557MB",Golf Battle
a48f13fbe67b4e9b,16/11/2021,21:31:50,32.7,3984,2548.0,"10,557MB",Golf Battle
a48f13fbe67b4e9b,16/11/2021,21:31:51,32.7,3984,2560.0,"10,558MB",Golf Battle
a48f13fbe67b4e9b,16/11/2021,21:31:52,32.7,3984,2581.0,"10,558MB",Golf Battle
a48f13fbe67b4e9b,16/11/2021,21:31:53,32.7,3984,2577.0,"10,558MB",Golf Battle
a48f13fbe67b4e9b,16/11/2021,21:31:54,32.7,3984,2573.0,"10,558MB",Golf Battle
a48f13fbe67b4e9b,16/11/2021,21:31:55,32.7,3984,2539.0,"10,558MB",Golf Battle
a48f13fbe67b4e9b,16/11/2021,21:31:56,32.7,3984,2537.0,"10,562MB",Golf Battle
a48f13fbe67b4e9b,16/11/2021,21:31:57,32.7,3984,2537.0,"10,562MB",Golf Battle
a48f13fbe67b4e9b,16/11/2021,21:31:58,32.7,3984,2534.0,"10,566MB",Golf Battle
a48f13fbe67b4e9b,16/11/2021,21:31:59,32.7,3984,2536.0,"10,566MB",Golf Battle
a48f13fbe67b4e9b,16/11/2021,21:32:00,32.7,3984,2535.0,"10,566MB",Golf Battle
a48f13fbe67b4e9b,16/11/2021,21:32:01,32.7,3984,2536.0,"10,566MB",Golf Battle
a48f13fbe67b4e9b,16/11/2021,21:32:02,32.7,3984,2536.0,"10,566MB",Golf Battle
a48f13fbe67b4e9b,16/11/2021,21:32:03,32.7,3984,2538.0,"10,566MB",Golf Battle
a48f13fbe67b4e9b,16/11/2021,21:32:04,32.7,3984,2520.0,"10,566MB",Golf Battle
a48f13fbe67b4e9b,16/11/2021,21:32:05,32.7,3984,2523.0,"10,567MB",Golf Battle
a48f13fbe67b4e9b,16/11/2021,21:32:06,33.1,3965,2524.0,"10,567MB",Golf Battle
a48f13fbe67b4e9b,16/11/2021,21:32:07,33.1,3965,2524.0,"10,567MB",Golf Battle
a48f13fbe67b4e9b,16/11/2021,21:32:08,33.1,3965,2526.0,"10,567MB",Golf Battle
a48f13fbe67b4e9b,16/11/2021,21:32:09,33.1,3965,2527.0,"10,567MB",Golf Battle
a48f13fbe67b4e9b,16/11/2021,21:32:10,33.1,3965,2529.0,"10,567MB",Golf Battle
a48f13fbe67b4e9b,16/11/2021,21:32:11,33.1,3965,2528.0,"10,567MB",Golf Battle
a48f13fbe67b4e9b,16/11/2021,21:32:12,33.1,3965,2540.0,"10,567MB",Golf Battle
a48f13fbe67b4e9b,16/11/2021,21:32:13,33.1,3965,2540.0,"10,567MB",Golf Battle
a48f13fbe67b4e9b,16/11/2021,21:32:14,33.1,3965,2541.0,"10,567MB",Golf Battle
a48f13fbe67b4e9b,16/11/2021,21:32:15,33.1,3965,2540.0,"10,567MB",Golf Battle
a48f13fbe67b4e9b,16/11/2021,21:32:16,33.1,3965,2542.0,"10,567MB",Golf Battle
a48f13fbe67b4e9b,16/11/2021,21:32:17,33.1,3965,2544.0,"10,567MB",Golf Battle
a48f13fbe67b4e9b,16/11/2021,21:32:18,33.1,3965,2544.0,"10,567MB",Golf Battle
a48f13fbe67b4e9b,16/11/2021,21:32:19,33.1,3965,2528.0,"10,567MB",Golf Battle
a48f13fbe67b4e9b,16/11/2021,21:32:20,33.1,3965,2529.0,"10,567MB",Golf Battle
a48f13fbe67b4e9b,16/11/2021,21:32:21,33.1,3965,2530.0,"10,567MB",Golf Battle
a48f13fbe67b4e9b,16/11/2021,21:32:22,33.1,3965,2531.0,"10,567MB",Golf Battle
a48f13fbe67b4e9b,16/11/2021,21:32:23,33.1,3965,2515.0,"10,567MB",Golf Battle
a48f13fbe67b4e9b,16/11/2021,21:32:24,33.1,3965,2516.0,"10,567MB",Golf Battle
a48f13fbe67b4e9b,16/11/2021,21:32:25,33.1,3965,2517.0,"10,567MB",Golf Battle
a48f13fbe67b4e9b,16/11/2021,21:32:26,33.1,3965,2517.0,"10,567MB",Golf Battle
a48f13fbe67b4e9b,16/11/2021,21:32:27,33.1,3965,2520.0,"10,567MB",Golf Battle
a48f13fbe67b4e9b,16/11/2021,21:32:28,33.1,3965,2504.0,"10,567MB",Golf Battle
a48f13fbe67b4e9b,16/11/2021,21:32:29,33.1,3965,2506.0,"10,567MB",Golf Battle
a48f13fbe67b4e9b,16/11/2021,21:32:30,33.1,3965,2507.0,"10,568MB",Golf Battle
a48f13fbe67b4e9b,16/11/2021,21:32:31,33.1,3965,2506.0,"10,568MB",Golf Battle
a48f13fbe67b4e9b,16/11/2021,21:32:32,33.1,3965,2507.0,"10,568MB",Golf Battle
a48f13fbe67b4e9b,16/11/2021,21:32:33,33.1,3965,2509.0,"10,568MB",Golf Battle
a48f13fbe67b4e9b,16/11/2021,21:32:34,33.1,3965,2519.0,"10,568MB",Golf Battle
a48f13fbe67b4e9b,16/11/2021,21:32:35,33.1,3965,2529.0,"10,568MB",Golf Battle
a48f13fbe67b4e9b,16/11/2021,21:32:36,33.1,3965,2527.0,"10,568MB",Golf Battle
a48f13fbe67b4e9b,16/11/2021,21:32:37,33.1,3965,2591.0,"10,570MB",Golf Battle
a48f13fbe67b4e9b,16/11/2021,21:32:38,33.1,3965,2610.0,"10,571MB",Golf Battle
a48f13fbe67b4e9b,16/11/2021,21:32:39,33.1,3965,2611.0,"10,572MB",Golf Battle
a48f13fbe67b4e9b,16/11/2021,21:32:40,33.1,3965,2601.0,"10,573MB",Golf Battle
a48f13fbe67b4e9b,16/11/2021,21:32:41,33.1,3965,2603.0,"10,574MB",Golf Battle
a48f13fbe67b4e9b,16/11/2021,21:32:42,33.1,3965,2605.0,"10,574MB",Golf Battle
a48f13fbe67b4e9b,16/11/2021,21:32:43,33.1,3965,2607.0,"10,575MB",Golf Battle
a48f13fbe67b4e9b,16/11/2021,21:32:44,33.1,3965,2613.0,"10,576MB",Golf Battle
a48f13fbe67b4e9b,16/11/2021,21:32:45,33.1,3965,2613.0,"10,577MB",Golf Battle
a48f13fbe67b4e9b,16/11/2021,21:32:46,33.1,3965,2616.0,"10,577MB",Golf Battle
a48f13fbe67b4e9b,16/11/2021,21:32:47,33.1,3965,2609.0,"10,577MB",Golf Battle
a48f13fbe67b4e9b,16/11/2021,21:32:48,33.1,3965,2609.0,"10,577MB",Golf Battle
a48f13fbe67b4e9b,16/11/2021,21:32:49,33.1,3965,2658.0,"10,577MB",Golf Battle
a48f13fbe67b4e9b,16/11/2021,21:32:50,33.1,3965,2670.0,"10,577MB",Golf Battle
a48f13fbe67b4e9b,16/11/2021,21:32:51,33.1,3965,2667.0,"10,577MB",Golf Battle
a48f13fbe67b4e9b,16/11/2021,21:32:52,33.1,3965,2670.0,"10,577MB",Golf Battle
a48f13fbe67b4e9b,16/11/2021,21:32:53,33.1,3965,2676.0,"10,577MB",Golf Battle
a48f13fbe67b4e9b,16/11/2021,21:32:54,33.1,3965,2679.0,"10,577MB",Golf Battle
a48f13fbe67b4e9b,16/11/2021,21:32:55,33.1,3965,2679.0,"10,577MB",Golf Battle
a48f13fbe67b4e9b,16/11/2021,21:32:56,33.1,3965,2686.0,"10,577MB",Golf Battle
a48f13fbe67b4e9b,16/11/2021,21:32:57,33.1,3965,2687.0,"10,577MB",Golf Battle
a48f13fbe67b4e9b,16/11/2021,21:32:58,33.1,3965,2688.0,"10,577MB",Golf Battle
a48f13fbe67b4e9b,16/11/2021,21:32:59,33.1,3965,2687.0,"10,577MB",Golf Battle
a48f13fbe67b4e9b,16/11/2021,21:33:00,33.1,3965,2686.0,"10,577MB",Golf Battle
a48f13fbe67b4e9b,16/11/2021,21:33:01,33.1,3965,2688.0,"10,577MB",Golf Battle
a48f13fbe67b4e9b,16/11/2021,21:33:02,33.1,3965,2687.0,"10,577MB",Golf Battle
a48f13fbe67b4e9b,16/11/2021,21:33:03,33.1,3965,2688.0,"10,577MB",Golf Battle
a48f13fbe67b4e9b,16/11/2021,21:33:04,33.1,3965,2685.0,"10,577MB",Golf Battle
a48f13fbe67b4e9b,16/11/2021,21:33:05,33.1,3965,2688.0,"10,577MB",Golf Battle
a48f13fbe67b4e9b,16/11/2021,21:33:06,33.1,3965,2686.0,"10,577MB",Golf Battle
a48f13fbe67b4e9b,16/11/2021,21:33:07,33.7,3955,2687.0,"10,577MB",Golf Battle
a48f13fbe67b4e9b,16/11/2021,21:33:08,33.7,3955,2689.0,"10,577MB",Golf Battle
a48f13fbe67b4e9b,16/11/2021,21:33:09,33.7,3955,2675.0,"10,578MB",Golf Battle
a48f13fbe67b4e9b,16/11/2021,21:33:10,33.7,3955,2676.0,"10,578MB",Golf Battle
a48f13fbe67b4e9b,16/11/2021,21:33:11,33.7,3955,2674.0,"10,578MB",Golf Battle
a48f13fbe67b4e9b,16/11/2021,21:33:12,33.7,3955,2677.0,"10,578MB",Golf Battle
a48f13fbe67b4e9b,16/11/2021,21:33:13,33.7,3955,2681.0,"10,578MB",Golf Battle
a48f13fbe67b4e9b,16/11/2021,21:33:14,33.7,3955,2682.0,"10,578MB",Golf Battle
a48f13fbe67b4e9b,16/11/2021,21:33:15,33.7,3955,2684.0,"10,578MB",Golf Battle
a48f13fbe67b4e9b,16/11/2021,21:33:16,33.7,3955,2683.0,"10,578MB",Golf Battle
a48f13fbe67b4e9b,16/11/2021,21:33:17,33.7,3955,2683.0,"10,578MB",Golf Battle
a48f13fbe67b4e9b,16/11/2021,21:33:18,33.7,3955,2684.0,"10,578MB",Golf Battle
a48f13fbe67b4e9b,16/11/2021,21:33:19,33.7,3955,2685.0,"10,578MB",Golf Battle
a48f13fbe67b4e9b,16/11/2021,21:33:20,33.7,3955,2684.0,"10,578MB",Golf Battle
a48f13fbe67b4e9b,16/11/2021,21:33:21,33.7,3955,2684.0,"10,578MB",Golf Battle
a48f13fbe67b4e9b,16/11/2021,21:33:22,33.7,3955,2686.0,"10,578MB",Golf Battle
a48f13fbe67b4e9b,16/11/2021,21:33:23,33.7,3955,2696.0,"10,578MB",Golf Battle
a48f13fbe67b4e9b,16/11/2021,21:33:24,33.7,3955,2691.0,"10,578MB",Golf Battle
a48f13fbe67b4e9b,16/11/2021,21:33:25,33.7,3955,2700.0,"10,578MB",Golf Battle
a48f13fbe67b4e9b,16/11/2021,21:33:26,33.7,3955,2695.0,"10,578MB",Golf Battle
a48f13fbe67b4e9b,16/11/2021,21:33:27,33.7,3955,2699.0,"10,578MB",Golf Battle
a48f13fbe67b4e9b,16/11/2021,21:33:28,33.7,3955,2689.0,"10,578MB",Golf Battle
a48f13fbe67b4e9b,16/11/2021,21:33:29,33.7,3955,2690.0,"10,578MB",Golf Battle
a48f13fbe67b4e9b,16/11/2021,21:33:30,33.7,3955,2691.0,"10,578MB",Golf Battle
a48f13fbe67b4e9b,16/11/2021,21:33:31,33.7,3955,2690.0,"10,578MB",Golf Battle
a48f13fbe67b4e9b,16/11/2021,21:33:32,33.7,3955,2692.0,"10,578MB",Golf Battle
a48f13fbe67b4e9b,16/11/2021,21:33:33,33.7,3955,2694.0,"10,578MB",Golf Battle
a48f13fbe67b4e9b,16/11/2021,21:33:34,33.7,3955,2695.0,"10,578MB",Golf Battle
a48f13fbe67b4e9b,16/11/2021,21:33:35,33.7,3955,2694.0,"10,578MB",Golf Battle
a48f13fbe67b4e9b,16/11/2021,21:33:36,33.7,3955,2696.0,"10,578MB",Golf Battle
a48f13fbe67b4e9b,16/11/2021,21:33:37,33.7,3955,2698.0,"10,578MB",Golf Battle
a48f13fbe67b4e9b,16/11/2021,21:33:38,33.7,3955,2699.0,"10,578MB",Golf Battle
a48f13fbe67b4e9b,16/11/2021,21:33:39,33.7,3955,2683.0,"10,578MB",Golf Battle
a48f13fbe67b4e9b,16/11/2021,21:33:40,33.7,3955,2688.0,"10,578MB",Golf Battle
a48f13fbe67b4e9b,16/11/2021,21:33:41,33.7,3955,2687.0,"10,578MB",Golf Battle
a48f13fbe67b4e9b,16/11/2021,21:33:42,33.7,3955,2690.0,"10,578MB",Golf Battle
a48f13fbe67b4e9b,16/11/2021,21:33:43,33.7,3955,2690.0,"10,578MB",Golf Battle
a48f13fbe67b4e9b,16/11/2021,21:33:44,33.7,3955,2690.0,"10,578MB",Golf Battle
a48f13fbe67b4e9b,16/11/2021,21:33:45,33.7,3955,2692.0,"10,578MB",Golf Battle
a48f13fbe67b4e9b,16/11/2021,21:33:46,33.7,3955,2694.0,"10,578MB",Golf Battle
a48f13fbe67b4e9b,16/11/2021,21:33:47,33.7,3955,2695.0,"10,578MB",Golf Battle
a48f13fbe67b4e9b,16/11/2021,21:33:48,33.7,3955,2699.0,"10,578MB",Golf Battle
a48f13fbe67b4e9b,16/11/2021,21:33:49,33.7,3955,2694.0,"10,579MB",Golf Battle
a48f13fbe67b4e9b,16/11/2021,21:33:50,33.7,3955,2700.0,"10,579MB",Golf Battle
a48f13fbe67b4e9b,16/11/2021,21:33:51,33.7,3955,2703.0,"10,579MB",Golf Battle
a48f13fbe67b4e9b,16/11/2021,21:33:52,33.7,3955,2704.0,"10,579MB",Golf Battle
a48f13fbe67b4e9b,16/11/2021,21:33:53,33.7,3955,2695.0,"10,579MB",Golf Battle
a48f13fbe67b4e9b,16/11/2021,21:33:54,33.7,3955,2689.0,"10,579MB",Golf Battle
a48f13fbe67b4e9b,16/11/2021,21:33:55,33.7,3955,2692.0,"10,579MB",Golf Battle
a48f13fbe67b4e9b,16/11/2021,21:33:56,33.7,3955,2693.0,"10,579MB",Golf Battle
a48f13fbe67b4e9b,16/11/2021,21:33:57,33.7,3955,2698.0,"10,579MB",Golf Battle
a48f13fbe67b4e9b,16/11/2021,21:33:58,33.7,3955,2698.0,"10,579MB",Golf Battle
a48f13fbe67b4e9b,16/11/2021,21:33:59,33.7,3955,2701.0,"10,579MB",Golf Battle
a48f13fbe67b4e9b,16/11/2021,21:34:00,33.7,3955,2699.0,"10,579MB",Golf Battle
a48f13fbe67b4e9b,16/11/2021,21:34:01,33.7,3955,2701.0,"10,579MB",Golf Battle
a48f13fbe67b4e9b,16/11/2021,21:34:02,33.7,3955,2703.0,"10,579MB",Golf Battle
a48f13fbe67b4e9b,16/11/2021,21:34:03,33.7,3955,2706.0,"10,579MB",Golf Battle
a48f13fbe67b4e9b,16/11/2021,21:34:04,33.7,3955,2705.0,"10,579MB",Golf Battle
a48f13fbe67b4e9b,16/11/2021,21:34:05,33.7,3955,2705.0,"10,579MB",Golf Battle
a48f13fbe67b4e9b,16/11/2021,21:34:06,33.7,3955,2706.0,"10,579MB",Golf Battle
a48f13fbe67b4e9b,16/11/2021,21:34:07,33.7,3955,2691.0,"10,579MB",Golf Battle
a48f13fbe67b4e9b,16/11/2021,21:34:08,33.7,3955,2694.0,"10,579MB",Golf Battle
a48f13fbe67b4e9b,16/11/2021,21:34:09,34.0,3951,2695.0,"10,579MB",Golf Battle
a48f13fbe67b4e9b,16/11/2021,21:34:10,34.0,3951,2697.0,"10,579MB",Golf Battle
a48f13fbe67b4e9b,16/11/2021,21:34:11,34.0,3951,2697.0,"10,579MB",Golf Battle
a48f13fbe67b4e9b,16/11/2021,21:34:12,34.0,3951,2700.0,"10,579MB",Golf Battle
a48f13fbe67b4e9b,16/11/2021,21:34:13,34.0,3951,2701.0,"10,579MB",Golf Battle
a48f13fbe67b4e9b,16/11/2021,21:34:14,34.0,3951,2704.0,"10,579MB",Golf Battle
a48f13fbe67b4e9b,16/11/2021,21:34:15,34.0,3951,2704.0,"10,579MB",Golf Battle
a48f13fbe67b4e9b,16/11/2021,21:34:16,34.0,3951,2705.0,"10,579MB",Golf Battle
a48f13fbe67b4e9b,16/11/2021,21:34:17,34.0,3951,2705.0,"10,579MB",Golf Battle
a48f13fbe67b4e9b,16/11/2021,21:34:18,34.0,3951,2709.0,"10,579MB",Golf Battle
a48f13fbe67b4e9b,16/11/2021,21:34:19,34.0,3951,2697.0,"10,579MB",Golf Battle
a48f13fbe67b4e9b,16/11/2021,21:34:20,34.0,3951,2700.0,"10,579MB",Golf Battle
a48f13fbe67b4e9b,16/11/2021,21:34:21,34.0,3951,2702.0,"10,579MB",Golf Battle
a48f13fbe67b4e9b,16/11/2021,21:34:22,34.0,3951,2698.0,"10,579MB",Golf Battle
a48f13fbe67b4e9b,16/11/2021,21:34:23,34.0,3951,2700.0,"10,579MB",Golf Battle
a48f13fbe67b4e9b,16/11/2021,21:34:24,34.0,3951,2702.0,"10,579MB",Golf Battle
a48f13fbe67b4e9b,16/11/2021,21:34:25,34.0,3951,2701.0,"10,579MB",Golf Battle
a48f13fbe67b4e9b,16/11/2021,21:34:26,34.0,3951,2704.0,"10,579MB",Golf Battle
a48f13fbe67b4e9b,16/11/2021,21:34:27,34.0,3951,2705.0,"10,579MB",Golf Battle
a48f13fbe67b4e9b,16/11/2021,21:34:28,34.0,3951,2702.0,"10,579MB",Golf Battle
a48f13fbe67b4e9b,16/11/2021,21:34:29,34.0,3951,2705.0,"10,580MB",Golf Battle
a48f13fbe67b4e9b,16/11/2021,21:34:30,34.0,3951,2696.0,"10,580MB",Golf Battle
a48f13fbe67b4e9b,16/11/2021,21:34:31,34.0,3951,2696.0,"10,580MB",Golf Battle
a48f13fbe67b4e9b,16/11/2021,21:34:32,34.0,3951,2699.0,"10,580MB",Golf Battle
a48f13fbe67b4e9b,16/11/2021,21:34:33,34.0,3951,2698.0,"10,580MB",Golf Battle
a48f13fbe67b4e9b,16/11/2021,21:34:34,34.0,3951,2701.0,"10,580MB",Golf Battle
a48f13fbe67b4e9b,16/11/2021,21:34:35,34.0,3951,2703.0,"10,580MB",Golf Battle
a48f13fbe67b4e9b,16/11/2021,21:34:36,34.0,3951,2704.0,"10,580MB",Golf Battle
a48f13fbe67b4e9b,16/11/2021,21:34:37,34.0,3951,2706.0,"10,580MB",Golf Battle
a48f13fbe67b4e9b,16/11/2021,21:34:38,34.0,3951,2705.0,"10,580MB",Golf Battle
a48f13fbe67b4e9b,16/11/2021,21:34:39,34.0,3951,2707.0,"10,580MB",Golf Battle
a48f13fbe67b4e9b,16/11/2021,21:34:40,34.0,3951,2706.0,"10,580MB",Golf Battle
a48f13fbe67b4e9b,16/11/2021,21:34:41,34.0,3951,2707.0,"10,580MB",Golf Battle
a48f13fbe67b4e9b,16/11/2021,21:34:42,34.0,3951,2698.0,"10,580MB",Golf Battle
a48f13fbe67b4e9b,16/11/2021,21:34:43,34.0,3951,2701.0,"10,580MB",Golf Battle
a48f13fbe67b4e9b,16/11/2021,21:34:44,34.0,3951,2700.0,"10,580MB",Golf Battle
a48f13fbe67b4e9b,16/11/2021,21:34:45,34.0,3951,2702.0,"10,580MB",Golf Battle
a48f13fbe67b4e9b,16/11/2021,21:34:46,34.0,3951,2702.0,"10,580MB",Golf Battle
a48f13fbe67b4e9b,16/11/2021,21:34:47,34.0,3951,2705.0,"10,580MB",Golf Battle
a48f13fbe67b4e9b,16/11/2021,21:34:48,34.0,3951,2704.0,"10,580MB",Golf Battle
a48f13fbe67b4e9b,16/11/2021,21:34:49,34.0,3951,2706.0,"10,580MB",Golf Battle
a48f13fbe67b4e9b,16/11/2021,21:34:50,34.0,3951,2705.0,"10,580MB",Golf Battle
a48f13fbe67b4e9b,16/11/2021,21:34:51,34.0,3951,2704.0,"10,580MB",Golf Battle
a48f13fbe67b4e9b,16/11/2021,21:34:52,34.0,3951,2695.0,"10,580MB",Golf Battle
a48f13fbe67b4e9b,16/11/2021,21:34:53,34.0,3951,2695.0,"10,580MB",Golf Battle
a48f13fbe67b4e9b,16/11/2021,21:34:54,34.0,3951,2698.0,"10,580MB",Golf Battle
a48f13fbe67b4e9b,16/11/2021,21:34:55,34.0,3951,2697.0,"10,580MB",Golf Battle
a48f13fbe67b4e9b,16/11/2021,21:34:56,34.0,3951,2699.0,"10,580MB",Golf Battle
a48f13fbe67b4e9b,16/11/2021,21:34:57,34.0,3951,2700.0,"10,580MB",Golf Battle
a48f13fbe67b4e9b,16/11/2021,21:34:58,34.0,3951,2700.0,"10,580MB",Golf Battle
a48f13fbe67b4e9b,16/11/2021,21:34:59,34.0,3951,2702.0,"10,580MB",Golf Battle
a48f13fbe67b4e9b,16/11/2021,21:35:00,34.0,3951,2702.0,"10,580MB",Golf Battle
a48f13fbe67b4e9b,16/11/2021,21:35:01,34.0,3951,2705.0,"10,580MB",Golf Battle
a48f13fbe67b4e9b,16/11/2021,21:35:02,34.0,3951,2704.0,"10,580MB",Golf Battle
a48f13fbe67b4e9b,16/11/2021,21:35:03,34.0,3951,2706.0,"10,580MB",Golf Battle
a48f13fbe67b4e9b,16/11/2021,21:35:04,34.0,3951,2697.0,"10,580MB",Golf Battle
a48f13fbe67b4e9b,16/11/2021,21:35:05,34.0,3951,2698.0,"10,580MB",Golf Battle
a48f13fbe67b4e9b,16/11/2021,21:35:06,34.0,3951,2718.0,"10,580MB",Golf Battle
a48f13fbe67b4e9b,16/11/2021,21:35:07,34.0,3951,2716.0,"10,580MB",Moto App Launcher
a48f13fbe67b4e9b,16/11/2021,21:35:08,34.0,3951,2144.0,"10,575MB",Moto App Launcher
a48f13fbe67b4e9b,16/11/2021,21:35:09,34.0,3951,2172.0,"10,575MB",Moto App Launcher
a48f13fbe67b4e9b,16/11/2021,21:35:10,34.7,3933,2158.0,"10,575MB",Configurar
a48f13fbe67b4e9b,16/11/2021,21:35:11,34.7,3933,2165.0,"10,576MB",Configurar
a48f13fbe67b4e9b,16/11/2021,21:35:12,34.6,3.97,2122.0,"10,576MB",Configurar
a48f13fbe67b4e9b,16/11/2021,21:35:13,34.6,3.97,2115.0,"10,576MB",Configurar
a48f13fbe67b4e9b,16/11/2021,21:35:15,34.6,3.97,2037.0,"10,576MB",Configurar
a48f13fbe67b4e9b,16/11/2021,21:35:16,34.6,3.97,2038.0,"10,576MB",Configurar
a48f13fbe67b4e9b,16/11/2021,21:35:17,34.6,3.97,2064.0,"10,576MB",Configurar
a48f13fbe67b4e9b,16/11/2021,21:35:18,34.6,3.97,2157.0,"10,576MB",Configurar
a48f13fbe67b4e9b,16/11/2021,21:35:19,34.7,3934,2174.0,"10,576MB",Configurar
a48f13fbe67b4e9b,16/11/2021,21:35:20,34.7,3934,2189.0,"10,576MB",Configurar
a48f13fbe67b4e9b,16/11/2021,21:35:21,34.7,3934,2196.0,"10,576MB",Configurar
a48f13fbe67b4e9b,16/11/2021,21:35:22,34.7,3934,2204.0,"10,576MB",Configurar
a48f13fbe67b4e9b,16/11/2021,21:35:23,34.7,3934,2208.0,"10,576MB",Configurar
a48f13fbe67b4e9b,16/11/2021,21:35:24,34.7,3934,2191.0,"10,576MB",Configurar
a48f13fbe67b4e9b,16/11/2021,21:35:25,34.7,3934,2205.0,"10,577MB",Configurar
a48f13fbe67b4e9b,16/11/2021,21:35:26,34.7,3934,2230.0,"10,577MB",Configurar
a48f13fbe67b4e9b,16/11/2021,21:35:27,34.7,3934,2233.0,"10,577MB",Configurar
a48f13fbe67b4e9b,16/11/2021,21:35:28,34.7,3934,2232.0,"10,577MB",Configurar
a48f13fbe67b4e9b,16/11/2021,21:35:29,34.7,3934,2223.0,"10,577MB",Configurar
a48f13fbe67b4e9b,16/11/2021,21:35:36,34.1,3983,2175.0,"10,577MB",Configurar
a48f13fbe67b4e9b,16/11/2021,21:35:38,34.1,3983,2185.0,"10,577MB",Configurar
a48f13fbe67b4e9b,16/11/2021,21:35:40,34.1,3983,2170.0,"10,578MB",Configurar
a48f13fbe67b4e9b,16/11/2021,21:35:49,33.9,3991,2177.0,"10,578MB",Configurar
a48f13fbe67b4e9b,16/11/2021,21:35:54,33.9,3991,2177.0,"10,578MB",Configurar
a48f13fbe67b4e9b,16/11/2021,21:36:23,33.9,3979,2197.0,"10,578MB",Configurar
a48f13fbe67b4e9b,16/11/2021,21:36:24,34.0,3957,2183.0,"10,578MB",Configurar
a48f13fbe67b4e9b,16/11/2021,21:36:25,34.0,3957,2190.0,"10,578MB",Configurar
a48f13fbe67b4e9b,16/11/2021,21:36:26,34.0,3957,2200.0,"10,578MB",Configurar
a48f13fbe67b4e9b,16/11/2021,21:36:27,34.0,3957,2212.0,"10,577MB",Configurar
a48f13fbe67b4e9b,16/11/2021,21:36:28,34.0,3957,2178.0,"10,577MB",Configurar
a48f13fbe67b4e9b,16/11/2021,21:36:29,34.0,3957,2182.0,"10,577MB",Configurar
a48f13fbe67b4e9b,16/11/2021,21:36:30,34.0,3957,2178.0,"10,577MB",Configurar
a48f13fbe67b4e9b,16/11/2021,21:36:31,34.0,3957,2210.0,"10,577MB",Configurar
a48f13fbe67b4e9b,16/11/2021,21:36:32,34.0,3957,2185.0,"10,577MB",Configurar
a48f13fbe67b4e9b,16/11/2021,21:36:33,34.0,3957,2189.0,"10,578MB",Configurar
a48f13fbe67b4e9b,16/11/2021,21:36:34,34.0,3957,2192.0,"10,578MB",Configurar
a48f13fbe67b4e9b,16/11/2021,21:36:35,34.0,3957,2195.0,"10,578MB",Configurar
a48f13fbe67b4e9b,16/11/2021,21:36:36,34.0,3957,2173.0,"10,578MB",Configurar
a48f13fbe67b4e9b,16/11/2021,21:36:37,34.0,3957,2175.0,"10,578MB",Configurar
a48f13fbe67b4e9b,16/11/2021,21:36:38,34.0,3957,2176.0,"10,578MB",Configurar
a48f13fbe67b4e9b,16/11/2021,21:36:39,34.0,3957,2179.0,"10,578MB",Configurar
a48f13fbe67b4e9b,16/11/2021,21:36:40,34.0,3957,2179.0,"10,578MB",Configurar
a48f13fbe67b4e9b,16/11/2021,21:36:41,34.0,3957,2181.0,"10,578MB",Configurar
a48f13fbe67b4e9b,16/11/2021,21:36:42,34.0,3957,2183.0,"10,578MB",Configurar
a48f13fbe67b4e9b,16/11/2021,21:36:43,34.0,3957,2191.0,"10,578MB",Configurar
a48f13fbe67b4e9b,16/11/2021,21:36:44,34.0,3957,2190.0,"10,578MB",Configurar
a48f13fbe67b4e9b,16/11/2021,21:36:45,34.0,3957,2171.0,"10,578MB",Configurar
a48f13fbe67b4e9b,16/11/2021,21:36:46,34.0,3957,2170.0,"10,578MB",Configurar
